"ConfigID","radius","y_dim","x_y_ratio","neighborhood_fnc","x_dim","n_neurons","Pct.Var.Explained","Topo.Error","Front"
1,0.762948208956979,5,4.12816907706205,"bubble",21,105,-0.919142330708041,0.484144480244192,4
2,0.623506968831294,3,9.3187309264089,"gaussian",28,84,-0.90154189933575,0.508054943191453,7
3,0.761966736029717,5,10.5744515599916,"gaussian",53,265,-0.895236636678083,0.344141088689164,8
4,0.65598772483808,5,10.3479738710774,"gaussian",52,260,-0.913743725858903,0.335187383415296,7
5,0.694509864237392,5,11.2132407773752,"gaussian",56,280,-0.907789674392955,0.342547057826013,9
6,0.690849702125764,3,11.65634810413,"bubble",35,105,-0.916358623593228,0.626488044768526,6
7,0.631898905693088,4,11.6931288100802,"gaussian",47,188,-0.911946026852331,0.376394777005257,7
8,0.731995155804907,3,4.7903468992468,"gaussian",14,42,-0.873139937187799,0.38110903849415,1
9,0.788559045931557,3,11.4058176578442,"gaussian",34,102,-0.872269871936824,0.424266576225199,6
10,0.736415721012279,4,8.08190481073921,"bubble",32,128,-0.920326104437453,0.486908597591996,4
11,0.553515017002588,5,4.16839610859286,"gaussian",21,105,-0.913639373556885,0.435407834492115,5
12,0.955632906023529,4,8.06853566912701,"gaussian",32,128,-0.83275246552216,0.16550788536544,5
13,0.653140420627897,5,4.89658533615991,"bubble",24,120,-0.923740536434266,0.401305748685772,2
14,0.553111935240566,5,11.1342588546104,"bubble",56,280,-0.938154114787896,0.308054943191453,1
15,0.866402251870954,5,10.8237141339341,"gaussian",54,270,-0.858500966550494,0.313498389011362,8
16,0.88876629176049,5,8.20044818818336,"bubble",41,205,-0.912654296694027,0.330422248600984,5
17,0.815896370952367,5,7.54188250269974,"gaussian",38,190,-0.883863725187672,0.275716465999661,4
18,0.728682625091518,4,6.91774723255541,"gaussian",28,112,-0.896335488281082,0.349889774461591,3
19,0.704117718847701,5,8.55292749852408,"gaussian",43,215,-0.906186384711453,0.319077497032389,5
20,0.900058663479984,5,9.70630405341275,"bubble",49,245,-0.905549398971017,0.422604714261489,9
21,0.819400084013585,4,5.7942972232285,"bubble",23,92,-0.907977116338479,0.536306596574529,6
22,0.571386359202559,3,10.841069997591,"gaussian",33,99,-0.907362448625326,0.548499236900119,7
23,0.872963472148404,3,4.99385413429467,"bubble",15,45,-0.88948627351846,0.508292352043412,1
24,0.904153477521264,4,6.25325091765495,"gaussian",25,100,-0.85830535334851,0.221621163303375,3
25,0.940889203194529,3,11.7416940984991,"gaussian",35,105,-0.795014474284228,0.223333898592505,7
26,0.542083739342401,4,4.05601524562575,"gaussian",16,64,-0.900539651392677,0.464473461081906,3
27,0.951800784343854,5,6.21521028961754,"bubble",31,155,-0.904239998768592,0.368458538239783,5
28,0.820939571426483,4,4.25466292836471,"gaussian",17,68,-0.878700622088472,0.169391215872478,1
29,0.58166002198006,5,4.3843140712101,"bubble",22,110,-0.922168678888965,0.369085975919959,2
30,0.945795310990652,3,9.66470610377844,"bubble",29,87,-0.897250565009173,0.698914702391046,11
31,0.700501036264817,4,12.1960359926778,"gaussian",49,196,-0.902619415761201,0.359504832965915,8
32,0.708377533262246,4,8.19805602371926,"gaussian",33,132,-0.900770306081143,0.319755808037985,4
33,0.688601771949208,5,10.7097986390721,"bubble",54,270,-0.926268804244658,0.197015431575377,1
34,0.573814466516837,4,9.92277871954255,"bubble",40,160,-0.929083622203407,0.366084449720197,2
35,0.885351630345685,3,10.0755590142007,"gaussian",30,90,-0.835395684335661,0.295947091741564,6
36,0.705320710389409,4,9.97323013101006,"gaussian",40,160,-0.900053509792091,0.302899779548923,4
37,0.956513733468018,3,10.4335086104972,"gaussian",31,93,-0.790635940862826,0.163184670171274,5
38,0.620494578163722,3,11.8163631378184,"gaussian",35,105,-0.903430156165171,0.54834661692386,9
39,0.958241933287471,4,5.73630334804999,"bubble",23,92,-0.902768979748817,0.453773104968628,6
40,0.574978964056005,3,8.60432120192796,"gaussian",26,78,-0.905083297691837,0.516991690690181,6
41,0.646569337000954,5,11.4863241124991,"bubble",57,285,-0.934279657401652,0.442411395624894,4
42,0.841317644844996,5,5.01758794805501,"gaussian",25,125,-0.886806228150221,0.167034085128031,2
43,0.82249339547765,4,3.87948869297514,"bubble",16,64,-0.904075011206608,0.502492792945566,4
44,0.65642433050659,5,5.50744558509672,"bubble",28,140,-0.926755751639665,0.464405629981346,4
45,0.768797603997169,3,5.02482161158929,"gaussian",15,45,-0.87005547387903,0.370340851280312,2
46,0.697252298656385,5,7.063022281921,"bubble",35,175,-0.926556973067234,0.451500763099881,5
47,0.89286807927175,4,8.9526550792763,"gaussian",36,144,-0.853230128631581,0.268424622689503,6
48,0.843225650081644,4,5.44158217468299,"gaussian",22,88,-0.877676454661464,0.290317110395116,3
49,0.93499779400276,4,8.15987928809365,"bubble",33,132,-0.892334388621076,0.362913345769035,5
50,0.771183035684284,4,10.0342527944781,"bubble",40,160,-0.921778876085603,0.407936238765474,4
51,0.727427126098308,3,6.44667848155135,"gaussian",19,57,-0.881174173123357,0.432440223842632,4
52,0.61179497855634,4,7.70362401195802,"gaussian",31,124,-0.912265246138525,0.368543327115482,3
53,0.539792198912357,4,6.51529561265139,"bubble",26,104,-0.922412989511276,0.349703238935052,1
54,0.891467875708244,5,4.15016964657465,"bubble",21,105,-0.911382187564067,0.478344921146346,6
55,0.791576608117786,3,11.3636457386124,"gaussian",34,102,-0.872269871936824,0.424266576225199,6
56,0.643921249225386,5,11.5127992989845,"gaussian",58,290,-0.914854082839333,0.336934034254706,7
57,0.745279294416541,3,7.21737610417418,"bubble",22,66,-0.901531465787875,0.701373579786332,5
58,0.932420704840333,5,11.5308208866813,"bubble",58,290,-0.904965607354028,0.518076988299135,13
59,0.614286228742916,5,4.81408055307576,"gaussian",24,120,-0.91297285156798,0.436594878751908,7
60,0.861182953670737,4,7.6253741584532,"gaussian",31,124,-0.866411237281069,0.295353569611667,5
61,0.781756010045181,4,9.33366381827509,"gaussian",37,148,-0.886524718064388,0.301153128709513,5
62,0.870105061748764,4,10.7924596669362,"bubble",43,172,-0.902340464776293,0.541156520264541,11
63,0.795742870845715,3,8.46448442305438,"gaussian",25,75,-0.875050372072282,0.406410039002883,3
64,0.801520525893429,4,12.1156419130112,"gaussian",48,192,-0.879220738314762,0.339223333898592,7
65,0.763352677980554,5,7.49026315856027,"bubble",37,185,-0.931493503718426,0.408733254197049,3
66,0.672398455800721,3,9.02782975040376,"bubble",27,81,-0.914699726653686,0.538714600644395,3
67,0.780010884047719,4,11.3808445311873,"gaussian",46,184,-0.884356761496728,0.351263354247923,9
68,0.622882197822793,3,5.99399239348946,"bubble",18,54,-0.900058320521996,0.595641851789045,4
69,0.917082873494015,5,4.51465926143108,"bubble",23,115,-0.911616611352532,0.477242665762252,9
70,0.532857810696587,4,9.76189293483272,"gaussian",39,156,-0.919900187875773,0.354332711548245,3
71,0.876402717226185,3,8.68232693783939,"bubble",26,78,-0.900370596889733,0.615652026454129,8
72,0.67115535087022,4,6.7369243892096,"gaussian",27,108,-0.905502231930875,0.371205697812447,3
73,0.743845794946188,3,12.0698214163957,"gaussian",36,108,-0.883295087587676,0.487637781923012,9
74,0.839877270116238,3,7.22596228158101,"gaussian",22,66,-0.86071930614943,0.369340342547058,5
75,0.711869570525945,3,5.45142446078593,"bubble",16,48,-0.895341750943591,0.657690351025945,5
76,0.589830993796582,5,11.1897343407851,"gaussian",56,280,-0.921247928245188,0.322791249788028,5
77,0.937859405229101,4,4.87668084222125,"gaussian",20,80,-0.856441733461685,0.100915719857555,2
78,0.717567864575191,5,9.87813247849001,"gaussian",49,245,-0.903558099672241,0.318602679328472,5
79,0.874886798850843,3,8.02260006554425,"bubble",24,72,-0.897242124785066,0.680193318636595,8
80,0.699731833785656,3,11.0853539792937,"bubble",33,99,-0.914053951136359,0.561980668136341,5
81,0.60684595200629,4,6.30748017983977,"gaussian",25,100,-0.908605927221659,0.433745972528404,5
82,0.564312731397455,4,5.11330969635164,"bubble",20,80,-0.916275129343971,0.422112938782432,1
83,0.775732331224252,5,7.36002594874706,"bubble",37,185,-0.930636331537119,0.39133457690351,4
84,0.529999368892983,4,11.2027639930579,"bubble",45,180,-0.931498548602682,0.357961675428184,2
85,0.82153207841923,4,10.2716331517184,"bubble",41,164,-0.921713038225191,0.564303883330507,7
86,0.715893949229037,3,9.69282861026935,"bubble",29,87,-0.910440359420691,0.554180091571986,5
87,0.613234082654118,5,5.04554072887637,"gaussian",25,125,-0.912941357663232,0.419806681363405,5
88,0.896841002969653,3,5.39191834837431,"bubble",16,48,-0.89042577587599,0.783500084788876,7
89,0.787509828234674,3,11.1526654437813,"bubble",33,99,-0.912716334327515,0.624249618450059,6
90,0.834688485295628,5,5.37609219133854,"gaussian",27,135,-0.886300953274071,0.199287773444124,3
91,0.817733672090923,5,3.74179337756708,"bubble",19,95,-0.915995945007889,0.451517720875021,3
92,0.734346145666088,4,6.24838654951192,"bubble",25,100,-0.916804960911067,0.412430049177548,3
93,0.612026913476409,4,12.4313390130666,"gaussian",50,200,-0.912882795269997,0.40178056638969,7
94,0.852828234147979,3,7.14366948154755,"bubble",21,63,-0.895496816141534,0.533355943700187,4
95,0.531806908692233,5,4.19467391602462,"gaussian",21,105,-0.914455007910661,0.431134475156859,4
96,0.770504871978541,5,5.69737190115033,"gaussian",28,140,-0.896468491335244,0.316177717483466,5
97,0.5664465866104,5,11.9080561460531,"bubble",60,300,-0.938808778524595,0.223639138545023,1
98,0.66745681888354,3,8.84800677681807,"gaussian",27,81,-0.896485098839111,0.47239274207224,6
99,0.923690788127482,4,10.2433723172592,"gaussian",41,164,-0.833301056087081,0.256672884517551,7
100,0.82652711756248,5,3.68909468169091,"gaussian",18,90,-0.890118652011914,0.12584364931321,1
101,0.591491486039246,3,6.96172514106147,"gaussian",21,63,-0.899080998497324,0.543734102085806,4
102,0.92544877758727,5,9.4763358107605,"gaussian",47,235,-0.844203938319114,0.242513142275733,7
103,0.863944801770849,4,4.45639572556829,"bubble",18,72,-0.906559277329636,0.437290147532644,2
104,0.595747499952326,4,7.83687393959612,"bubble",31,124,-0.925854331574477,0.356638968967271,1
105,0.742700689068413,5,10.8874365199194,"gaussian",54,270,-0.898793085278442,0.337222316432084,8
106,0.850345240464201,4,8.56465344978729,"bubble",34,136,-0.915565555395114,0.49141936577921,6
107,0.694148624022724,4,8.36897990808357,"bubble",33,132,-0.9228129514393,0.357012040020349,2
108,0.826429796407116,5,7.65267617043108,"gaussian",38,190,-0.881574160409223,0.275224690520604,4
109,0.823390953513444,3,10.0063906343514,"bubble",30,90,-0.90803075902538,0.603035441750042,7
110,0.795249940398848,5,8.52094840375474,"bubble",43,215,-0.924675853690598,0.509818551806003,7
111,0.952478510478511,4,7.59154787939508,"bubble",30,120,-0.906572215638664,0.482194336103103,10
112,0.589255922495853,5,3.95200653837062,"bubble",20,100,-0.921139953485879,0.528573851110734,2
113,0.585009959178278,3,10.210346400172,"bubble",31,93,-0.919165128447605,0.552755638460234,2
114,0.582518340914045,3,9.2617381141847,"bubble",28,84,-0.916719538649186,0.584721044598949,2
115,0.809307247539866,4,7.29901678164722,"bubble",29,116,-0.915101755512883,0.466661014074953,6
116,0.767871503334376,4,6.9276173278084,"gaussian",28,112,-0.890257197605264,0.337815838561981,3
117,0.81495693429315,5,6.33739913938334,"bubble",32,160,-0.921492712098511,0.449788027810751,6
118,0.842654233886627,5,6.20389582421863,"bubble",31,155,-0.92483795591746,0.426742411395625,4
119,0.6853299536173,5,7.30028550688876,"bubble",37,185,-0.930795097318274,0.331643208411056,2
120,0.623436952312011,4,8.39493665946647,"bubble",34,136,-0.925119320733236,0.412311344751569,2
121,0.706863363433397,4,10.5107576973876,"bubble",42,168,-0.928330123254942,0.360030523995252,3
122,0.699103011749452,5,3.96753394906642,"gaussian",20,100,-0.904320263953725,0.279616754281838,2
123,0.679699005749193,3,5.27044287001714,"bubble",16,48,-0.896137715813409,0.585687637781923,3
124,0.624982945611468,4,6.45759666301543,"gaussian",26,104,-0.90933719353417,0.415194166525352,4
125,0.729782622276922,3,6.42718766878359,"bubble",19,57,-0.90045315721045,0.602340172969306,4
126,0.748014145081048,3,8.88303956295364,"gaussian",27,81,-0.883470050663314,0.438426318467017,6
127,0.972664328034967,3,5.66265241103712,"bubble",17,51,-0.881024152614648,0.726267593691708,7
128,0.894075948859914,3,8.40748630345101,"gaussian",25,75,-0.840457251763191,0.294030863150755,5
129,0.914303763492382,3,5.56534114937764,"gaussian",17,51,-0.841195325589775,0.132050195014414,2
130,0.869936293426086,4,4.68366645412287,"gaussian",19,76,-0.873103043268018,0.16889944039342,2
131,0.567003154480015,4,5.78204734642059,"bubble",23,92,-0.918661633537526,0.289757503815499,1
132,0.594553427760489,4,8.94250816237647,"bubble",36,144,-0.92675643869686,0.402001017466508,2
133,0.572526470331592,3,12.3506164542353,"gaussian",37,111,-0.907638191939622,0.576276072579278,9
134,0.527075824801344,3,7.32627337846206,"bubble",22,66,-0.91064847430627,0.543852806511786,1
135,0.814257643118617,5,11.9782807155908,"bubble",60,300,-0.913480083536187,0.31727997286756,5
136,0.568535505999927,5,11.266756849403,"gaussian",56,280,-0.922508772470041,0.317449550618959,4
137,0.966022021599347,5,8.66035813764669,"gaussian",43,215,-0.831476258952268,0.142275733423775,7
138,0.569539073142107,5,4.04682209671708,"bubble",20,100,-0.920858185381263,0.497880278107512,3
139,0.603276429752586,4,11.2230404608045,"gaussian",45,180,-0.914563263906462,0.363269459046973,6
140,0.899920911648893,4,3.98500464743236,"gaussian",16,64,-0.868962534198913,0.0916059013057487,1
141,0.917604064614861,3,7.18495408495888,"gaussian",22,66,-0.838451890893559,0.226386298117687,4
142,0.755767474054475,4,9.24066834150348,"gaussian",37,148,-0.892277750063269,0.316856028489062,6
143,0.569037028943072,5,6.38839819279732,"bubble",32,160,-0.931093352552028,0.344158046464304,1
144,0.620974485915736,4,4.97014521007659,"bubble",20,80,-0.914522620531372,0.486586399864338,3
145,0.687757318511372,5,5.07428594243713,"gaussian",25,125,-0.907119778576933,0.381414278446668,4
146,0.839145173234865,4,5.89967639626237,"gaussian",24,96,-0.878021049038666,0.316042055282347,3
147,0.584756104509113,4,4.74685132860206,"bubble",19,76,-0.913525840066672,0.37410547736137,1
148,0.533343208237668,4,9.53515945011517,"gaussian",38,152,-0.919928497914014,0.370256062404613,3
149,0.580867029937683,4,5.48879586683353,"gaussian",22,88,-0.908021601678579,0.467491945056809,5
150,0.630764898536378,4,6.82976215422153,"bubble",27,108,-0.921297148702175,0.46371036120061,3
151,0.959597132735886,5,6.95726830089698,"bubble",35,175,-0.905296274963557,0.497761573681533,11
152,0.921226041858434,4,11.5882528908853,"bubble",46,184,-0.894764468531165,0.468662031541462,10
153,0.703349517154275,3,3.66980863190489,"gaussian",11,33,-0.866008746160911,0.343394946583008,3
154,0.838867348470027,3,12.6407727764128,"gaussian",38,114,-0.844054347906186,0.351365100898762,6
155,0.545087096095434,4,8.93269290742231,"bubble",36,144,-0.928760130478666,0.326335424792267,1
156,0.834199356354773,3,5.81174112536246,"bubble",17,51,-0.890575031684371,0.588807868407665,5
157,0.93111216769123,4,10.0965939629497,"gaussian",40,160,-0.830666366324762,0.249669323384772,7
158,0.707605890244944,5,8.59392883937573,"gaussian",43,215,-0.904692979462207,0.312497880278107,4
159,0.664603332469589,4,12.0299022549833,"bubble",48,192,-0.931141635411585,0.288366966254027,1
160,0.579202401146991,5,6.99537284417544,"gaussian",35,175,-0.919046599522881,0.411276920468035,5
161,0.845069513278431,3,9.45406164665706,"bubble",28,84,-0.90591524722525,0.666745802950653,8
162,0.922578634709935,3,4.98912355914246,"gaussian",15,45,-0.840700140825522,0.114990673223673,1
163,0.868318106386694,4,12.4982075148239,"gaussian",50,200,-0.844133247832593,0.2861454977107,10
164,0.981838317734306,5,9.16448328804923,"gaussian",46,230,-0.812706568715924,0.0749364083432254,7
165,0.93939937037765,5,12.5100714783603,"gaussian",63,315,-0.813174371729885,0.244972019671019,10
166,0.66576869290357,3,3.57111341074575,"bubble",11,33,-0.881469261164307,0.56716974732915,1
167,0.720330109197646,4,10.7564618946332,"bubble",43,172,-0.929451102347548,0.292453790062744,1
168,0.549934006758151,4,12.3193717065826,"bubble",49,196,-0.931617743776741,0.264269967780227,1
169,0.778672087028157,5,10.4819942800491,"gaussian",52,260,-0.892448800545972,0.349279294556554,8
170,0.632353849130799,4,3.35561077913968,"bubble",13,52,-0.900269033378509,0.471103951161608,1
171,0.575363323664991,5,8.64431129024364,"bubble",43,215,-0.934279211098952,0.261387146006444,1
172,0.607493598689674,4,5.40756548500154,"gaussian",22,88,-0.907221471968816,0.472036628794302,6
173,0.551884103547782,4,12.59870184812,"gaussian",50,200,-0.919518205883223,0.345429879599796,5
174,0.850913825382944,3,10.5371646258817,"gaussian",32,96,-0.849115023321145,0.359623537391894,5
175,0.594425164139946,3,5.97008820473682,"bubble",18,54,-0.900112288497967,0.622672545362049,4
176,0.794451726647676,5,12.4642135719163,"gaussian",62,310,-0.884505732221675,0.33440732575886,9
177,0.830019336872734,5,7.94595225219848,"gaussian",40,200,-0.878806333438802,0.286942513142276,5
178,0.900531705604517,5,6.19184231127612,"gaussian",31,155,-0.865893366438048,0.140291673732406,5
179,0.516823512951029,4,6.83358124246355,"gaussian",27,108,-0.916269760873114,0.430880108529761,5
180,0.680853842751123,3,8.43124836644158,"bubble",25,75,-0.909451022606801,0.623520434119044,6
181,0.757803008185932,3,3.52923210663255,"bubble",11,33,-0.879412958897485,0.460539257249449,1
182,0.659962940340978,4,12.2962269920344,"bubble",49,196,-0.931763817479664,0.327386806850941,2
183,0.574165429268265,5,6.34117575305281,"gaussian",32,160,-0.919277035534122,0.433271154824487,5
184,0.774289761240478,3,10.9555429461459,"bubble",33,99,-0.911837569237284,0.590605392572494,6
185,0.760650284032687,4,3.62395388826961,"gaussian",14,56,-0.883492253460458,0.215228082075632,1
186,0.772898289907374,5,8.41943944965955,"gaussian",42,210,-0.893008247215917,0.310954722740376,5
187,0.676448399167508,5,11.1293791361898,"gaussian",56,280,-0.910979923458501,0.346650839409869,9
188,0.693020373546751,4,5.70295499342261,"gaussian",23,92,-0.899781788309193,0.414227573342377,4
189,0.744376489971764,3,4.92089270252502,"gaussian",15,45,-0.873321316939365,0.401882313040529,1
190,0.798189110789215,5,12.619532469085,"gaussian",63,315,-0.883688589945637,0.323893505172121,7
191,0.875694677340565,5,4.69488029309083,"bubble",23,115,-0.914219617534998,0.48628115991182,7
192,0.723978879740811,5,5.1503637603391,"bubble",26,130,-0.917967069963964,0.472172290995421,5
193,0.761045366430073,4,6.62344172443729,"gaussian",26,104,-0.891379205051031,0.358249957605562,3
194,0.89396633084619,5,9.52290455566021,"gaussian",48,240,-0.853759313851968,0.273088010852976,7
195,0.901865924820071,5,4.67816610656446,"gaussian",23,115,-0.874977351926087,0.0688655248431406,3
196,0.598607636118308,4,11.4192511969293,"bubble",46,184,-0.930696025810253,0.358334746481262,3
197,0.749095314159291,3,3.43957556329435,"gaussian",10,30,-0.847371019847715,0.186450737663219,1
198,0.765273039020249,4,12.3366152905067,"bubble",49,196,-0.91262268198868,0.415753773104969,7
199,0.785217122017057,5,11.0397144080233,"gaussian",55,275,-0.889632575749103,0.350720705443446,10
200,0.974453810716979,3,10.2887026342074,"bubble",31,93,-0.877149884230601,0.61029336950992,9
201,0.62963972647523,4,9.59592437981861,"gaussian",38,152,-0.911457544548957,0.321315923350856,3
202,0.773736460967804,3,5.16965358968824,"bubble",16,48,-0.890808350198584,0.554637951500763,3
203,0.918715233512805,3,7.37739057431463,"bubble",22,66,-0.89534178360389,0.607224012209598,7
204,0.739973382793483,4,5.08425851266598,"bubble",20,80,-0.911532619628762,0.396642360522299,2
205,0.784255245532026,3,9.0427256334573,"bubble",27,81,-0.904340518430598,0.524656605053417,7
206,0.979556647867663,3,3.77252195370151,"gaussian",11,33,-0.828211000234362,0.0541122604714262,1
207,0.559869389507105,3,8.77833885087166,"gaussian",26,78,-0.905083297691837,0.516991690690181,6
208,0.722045175642706,5,7.10107016047928,"gaussian",36,180,-0.90320348646532,0.345667288451755,6
209,0.588978814449627,3,11.7801926268754,"bubble",35,105,-0.918870060787308,0.395336611836527,2
210,0.933619470487814,5,8.14416252762079,"bubble",41,205,-0.901407806298646,0.418009157198576,9
211,0.881506263387972,5,10.8728765351046,"bubble",54,270,-0.913701213624201,0.437781923011701,8
212,0.827079144758172,3,11.9504937708983,"bubble",36,108,-0.90974659997268,0.68443276242157,8
213,0.950057965743123,3,5.84931805228815,"bubble",18,54,-0.882094418302363,0.55518060030524,5
214,0.690318739298265,3,12.2688068590011,"gaussian",37,111,-0.894553352822426,0.535950483296591,9
215,0.560360851705889,4,3.4155655473331,"gaussian",14,56,-0.89678779778843,0.385518060030524,1
216,0.801111772712902,3,6.49977037100587,"bubble",19,57,-0.902084868829931,0.436086145497711,1
217,0.822754149453831,4,10.9678416263778,"bubble",44,176,-0.909369845645058,0.446973037137528,8
218,0.976438954169396,4,6.06803538670763,"bubble",24,96,-0.903830982958648,0.533372901475326,8
219,0.724820101997931,3,9.82592052657623,"bubble",29,87,-0.909745549505152,0.557012040020349,6
220,0.681475680246134,3,3.20518879233627,"gaussian",10,30,-0.853052689216851,0.236391385450229,1
221,0.592696065318887,4,3.85977187903831,"bubble",15,60,-0.906466798540773,0.454705782601323,2
222,0.587218117682962,3,5.9809143335768,"gaussian",18,54,-0.892218244050272,0.531914532813295,4
223,0.506110481550801,3,8.87733373903669,"gaussian",27,81,-0.909473583898772,0.528743428862133,5
224,0.967275690978859,3,8.31284910823451,"gaussian",25,75,-0.806289504597434,0.115702899779549,4
225,0.862715556380455,4,6.70711761500686,"gaussian",27,108,-0.870583813417805,0.290978463625572,4
226,0.642499110909412,4,12.6574439091864,"bubble",51,204,-0.932152772694451,0.364609123283025,3
227,0.753706148674013,5,4.70799743177602,"bubble",24,120,-0.915375040056513,0.455926742411396,6
228,0.538451222447329,4,3.93912164045498,"bubble",16,64,-0.908499802176746,0.466762760725793,1
229,0.99634563540516,4,7.77025542470161,"gaussian",31,124,-0.809097681990354,0.0324232660674919,3
230,0.509657849826501,5,10.2279142506234,"bubble",51,255,-0.937497744754296,0.347532643717144,2
231,0.738803571115132,3,12.5792141818628,"gaussian",38,114,-0.885958633790604,0.495116160759708,10
232,0.897330078182742,4,8.75748936058953,"bubble",35,140,-0.872472405800397,0.26377819230117,4
233,0.534635304949014,4,4.83236579507822,"bubble",19,76,-0.913258483625897,0.487196879769374,2
234,0.962316670195898,3,8.24728906183736,"gaussian",25,75,-0.810328755322773,0.134373410208581,4
235,0.935148319696891,3,4.27394636383746,"gaussian",13,39,-0.836703516946432,0.0836527047651348,1
236,0.572196203091298,5,3.26412908444181,"gaussian",16,80,-0.907874924941976,0.324978802781075,1
237,0.565112033801852,3,11.9861456281692,"gaussian",36,108,-0.909174078181924,0.575309479396303,7
238,0.678596042866702,5,3.79626234938623,"gaussian",19,95,-0.903204611835644,0.24142784466678,1
239,0.651069336964632,3,10.6623022335907,"gaussian",32,96,-0.900416466855799,0.511429540444294,8
240,0.936609581361175,5,5.05200107991928,"gaussian",25,125,-0.865916163345773,0.0612175682550449,4
241,0.890561465902603,3,6.28083597558783,"gaussian",19,57,-0.849371326094004,0.266610140749534,4
242,0.888011964404373,3,8.79993919304805,"bubble",26,78,-0.897272852243385,0.637188400881804,10
243,0.629380926709855,4,6.77069952087244,"gaussian",27,108,-0.909999926731486,0.396150585043242,3
244,0.509457418529782,4,12.0986703854357,"gaussian",48,192,-0.922608240591405,0.319976259114804,3
245,0.96004604637064,3,6.8194367515808,"gaussian",20,60,-0.825158476163938,0.10349330167882,3
246,0.576374627079233,5,9.40589991739718,"gaussian",47,235,-0.92142532785797,0.334831270137358,5
247,0.747517806150019,3,3.39528664407087,"gaussian",10,30,-0.847371019847715,0.186450737663219,1
248,0.593737403649953,3,10.73222957402,"gaussian",32,96,-0.906655057460933,0.542784466677972,7
249,0.985840775654768,4,6.35384148914134,"bubble",25,100,-0.893833275904586,0.495913176191284,7
250,0.740944052971783,5,4.08496861095773,"bubble",20,100,-0.917282696075653,0.435577412243514,3
251,0.69830379418307,5,5.90732143534347,"gaussian",30,150,-0.906711522274643,0.381804307274886,5
252,0.560885535552981,3,12.2156730203563,"gaussian",37,111,-0.90869658242622,0.577242665762252,9
253,0.516189073449466,3,9.81813476273557,"gaussian",29,87,-0.910020594935495,0.520976767848058,5
254,0.517887630461715,4,12.4460098707257,"gaussian",50,200,-0.921616716083012,0.324029167373241,4
255,0.551405044232611,5,4.4886769725359,"gaussian",22,110,-0.913789290079694,0.459742241817873,7
256,0.624031525296043,3,5.61727080548648,"gaussian",17,51,-0.888343756026344,0.511056469391216,3
257,0.507980279874755,5,11.1983904321445,"gaussian",56,280,-0.927460932625419,0.306003052399525,3
258,0.642817672887817,4,4.77876854537055,"bubble",19,76,-0.912765306655293,0.491605901305749,3
259,0.998139632431441,4,8.89073274655268,"bubble",36,144,-0.868471474254821,0.411327793793454,7
260,0.512124529148452,3,10.429496018698,"gaussian",31,93,-0.910612978354009,0.54308970663049,5
261,0.759549014298827,3,12.6366433582385,"gaussian",38,114,-0.879710777134453,0.496642360522299,11
262,0.522648783935117,4,8.33599221655866,"bubble",33,132,-0.927816354009868,0.413447515685942,1
263,0.744532327125082,5,5.75478421969805,"bubble",29,145,-0.923607069999498,0.393539087671697,3
264,0.776583126903512,4,3.45606040116167,"gaussian",14,56,-0.881185707973413,0.182465660505342,1
265,0.590801842572168,5,5.604053012277,"gaussian",28,140,-0.917052157010935,0.452399525182296,6
266,0.859704451781232,3,10.8502909358591,"bubble",33,99,-0.910874428055266,0.568746820417161,6
267,0.501079872952076,3,10.1131210639258,"bubble",30,90,-0.918822643510544,0.518009157198576,1
268,0.51458271022432,5,10.7793309117295,"gaussian",54,270,-0.92664828730213,0.313294895709683,3
269,0.681672758242348,3,11.7169367068214,"bubble",35,105,-0.917218159492977,0.521604205528235,5
270,0.670554698956665,5,7.08863451916957,"bubble",35,175,-0.928669451053717,0.374037646260811,3
271,0.808505377560621,3,8.63590707994532,"gaussian",26,78,-0.869369328727137,0.392369001187044,3
272,0.576552565683145,3,9.12701300085522,"gaussian",27,81,-0.90579536126624,0.526267593691708,6
273,0.508990410619415,5,6.37810567923589,"bubble",32,160,-0.931635845453417,0.393725623198236,1
274,0.770202807323076,3,10.6512674082909,"bubble",32,96,-0.908645510436113,0.671595726640665,8
275,0.59737411338347,4,7.13894293410005,"bubble",29,116,-0.925021358538468,0.36903510259454,1
276,0.85591794452013,4,6.2213832288608,"bubble",25,100,-0.908993116674286,0.438629811768696,5
277,0.64319755480194,3,4.64299123234116,"gaussian",14,42,-0.880328538525944,0.531863659487875,3
278,0.596571370210149,5,12.4256639449764,"gaussian",62,310,-0.920166190129903,0.333678141427845,7
279,0.950908993554651,3,3.73176480348222,"bubble",11,33,-0.873315656512988,0.525301000508733,2
280,0.689717203038163,3,11.6351369802118,"bubble",35,105,-0.915730647858697,0.640749533661184,7
281,0.525295071096043,5,7.26068816684885,"bubble",36,180,-0.933064474412917,0.409038494149568,2
282,0.780747095225495,4,3.81506922435015,"bubble",15,60,-0.901347781437744,0.31544853315245,1
283,0.806082362572546,3,9.85440574258566,"gaussian",30,90,-0.865787192679849,0.381465151772088,4
284,0.821027924611,3,6.17718753361143,"gaussian",19,57,-0.863084625778586,0.358385619806681,4
285,0.653977029713336,4,9.99479795442196,"gaussian",40,160,-0.908722737174159,0.312735289130066,3
286,0.964965808805078,5,11.0153092339309,"bubble",55,275,-0.876843897801545,0.516889944039342,13
287,0.705708485643379,3,9.80118342982838,"bubble",29,87,-0.911460082918551,0.601848397490249,4
288,0.733269811933278,3,9.30734524773434,"gaussian",28,84,-0.885684614388907,0.453281329489571,7
289,0.918165835607797,3,6.79161984302104,"gaussian",20,60,-0.84036217821574,0.206783110055961,3
290,0.752418511288473,3,3.33448578457115,"gaussian",10,30,-0.847371019847715,0.186450737663219,1
291,0.877474654090125,4,4.61478671708843,"gaussian",18,72,-0.872301599925941,0.150211972189249,2
292,0.554015240676468,3,12.1587848763587,"bubble",36,108,-0.917231348258868,0.346854332711548,2
293,0.771788900970947,3,12.7941167459008,"bubble",38,114,-0.917853674240362,0.483076140410378,4
294,0.800396842688206,5,3.11029690998606,"bubble",16,80,-0.912065214079111,0.435899609971172,2
295,0.898422116826754,3,3.48639951419085,"gaussian",10,30,-0.832343908833446,0.084653213498389,1
296,0.640032554150093,5,7.31544422892854,"bubble",37,185,-0.930513443761001,0.372274037646261,4
297,0.54855814784742,5,12.0533904841915,"gaussian",60,300,-0.924539837597303,0.313379684585382,4
298,0.927375182877411,3,12.2769251684775,"gaussian",37,111,-0.80021121532639,0.23622180769883,7
299,0.890134459432913,4,3.36134285373613,"gaussian",13,52,-0.867774827412296,0.0882991351534679,1
300,0.864677183942753,3,6.04248841076856,"gaussian",18,54,-0.852699944096323,0.261522808207563,3
301,0.808245556374895,5,5.53859794042539,"bubble",28,140,-0.921920177768384,0.441750042394438,4
302,0.558005755415768,5,5.58843171504093,"bubble",28,140,-0.928733989662728,0.362472443615398,1
303,0.609585749053978,5,10.9428776798863,"gaussian",55,275,-0.918380599982413,0.339799898253349,7
304,0.698857342479983,3,4.60352763543138,"bubble",14,42,-0.886449660437245,0.530167881973885,2
305,0.709244240320753,3,4.30208023560466,"gaussian",13,39,-0.870759989598833,0.346209937256232,1
306,0.684620251092943,5,3.23148805609671,"bubble",16,80,-0.91415179855929,0.457961675428184,3
307,0.816224366882234,5,9.0779287093319,"gaussian",45,225,-0.88179195351004,0.311259962692895,7
308,0.869144384780782,3,3.17322606602916,"gaussian",10,30,-0.834647535973687,0.0992369001187044,1
309,0.892482299151481,3,12.0127872420498,"gaussian",36,108,-0.823338718397745,0.329642190944548,7
310,0.759158462203108,5,9.0319887992274,"bubble",45,225,-0.928392569999306,0.362455485840258,4
311,0.809567708719638,3,6.10431772344047,"gaussian",18,54,-0.866667365325862,0.364320841105647,2
312,0.746541096918285,3,7.47978563530836,"gaussian",22,66,-0.88186350947368,0.452670849584535,4
313,0.502547416365705,5,8.21000080727507,"gaussian",41,205,-0.926716812667629,0.355078853654401,4
314,0.72072196631215,3,10.1382707959251,"gaussian",30,90,-0.889395041194198,0.433322028149907,6
315,0.537828323719208,5,12.7279554474587,"gaussian",64,320,-0.925760071116598,0.302153637442768,4
316,0.666258608268807,5,12.6648754374241,"gaussian",63,315,-0.912147592088955,0.359199593013397,9
317,0.66243990906002,5,10.4140948769427,"gaussian",52,260,-0.912425799903242,0.334848227912498,7
318,0.982595357001992,5,3.32022078539711,"gaussian",17,85,-0.869583029607791,0.0291673732406308,1
319,0.991435047925566,3,5.76431654268876,"gaussian",17,51,-0.815426795300187,0.0348991012379176,1
320,0.970735975310439,4,5.13606910326285,"gaussian",21,84,-0.844565454353313,0.0620145836866203,2
321,0.527717361958348,4,3.46953609414166,"gaussian",14,56,-0.898596872335677,0.424351365100899,2
322,0.897755126874079,3,11.5044442373072,"gaussian",35,105,-0.820593164053868,0.300898762082415,7
323,0.844543682444724,3,11.6841875624307,"gaussian",35,105,-0.850182254701302,0.371120908936747,6
324,0.50389100376144,3,9.42461065817391,"gaussian",28,84,-0.909988179704786,0.527064609123283,5
325,0.536515817496809,4,8.35528366465587,"gaussian",33,132,-0.918673352853117,0.399389520094964,3
326,0.696050474694348,3,3.76476320536807,"gaussian",11,33,-0.866009648171313,0.343276242157029,2
327,0.655249995968072,5,12.4160776646622,"gaussian",62,310,-0.913541620294165,0.352111243004918,8
328,0.911433514667791,3,3.56128499075072,"bubble",11,33,-0.878637654081443,0.595557062913346,2
329,0.97787710794108,3,4.7571622034139,"gaussian",14,42,-0.826528362773416,0.0492114634559946,1
330,0.5211450082761,3,3.99488235612866,"gaussian",12,36,-0.879034730314457,0.548685772426658,2
331,0.513016914815991,4,10.0617613638565,"bubble",40,160,-0.928956558600263,0.356316771239613,2
332,0.719279428086127,4,3.60395114743384,"bubble",14,56,-0.902270097214476,0.451941665253519,1
333,0.636249912496423,4,4.14644697832642,"gaussian",17,68,-0.898272194730028,0.41207393589961,2
334,0.97490621670126,4,10.6148876826395,"gaussian",42,168,-0.791898078542834,0.122028149906732,6
335,0.968641270451364,5,5.3193311377475,"gaussian",27,135,-0.852881646409962,0.0359165677463117,3
336,0.730978250467451,3,11.6291221528314,"gaussian",35,105,-0.887234669544995,0.492589452263863,9
337,0.541761505414965,4,5.09093946111854,"gaussian",20,80,-0.907958033071709,0.482024758351704,5
338,0.800824083222658,5,4.35569096328458,"bubble",22,110,-0.912469205904852,0.441783957944718,7
339,0.723031756996294,4,11.2717135868571,"bubble",45,180,-0.925561790687341,0.44487027302018,5
340,0.693740938339382,3,5.72838517445605,"gaussian",17,51,-0.88214747029873,0.477157876886552,3
341,0.972082018318004,4,3.00686465954874,"bubble",12,48,-0.890755725730336,0.429031711039512,2
342,0.600099726550281,3,5.5204761521169,"bubble",17,51,-0.89929063985111,0.614838053247414,2
343,0.507438445081119,5,9.57887549456674,"bubble",48,240,-0.936171355085292,0.305494319145328,1
344,0.930647195973084,4,9.74657405729638,"gaussian",39,156,-0.833771908166805,0.254383584873665,6
345,0.504679783253698,5,6.36651801172411,"bubble",32,160,-0.931192439316571,0.374919450568085,1
346,0.983212696465198,3,5.55069817652926,"gaussian",17,51,-0.818595970898391,0.0403764626081058,1
347,0.58834283002431,4,6.3289757715119,"bubble",25,100,-0.920487533029964,0.34308970663049,1
348,0.833409485926502,5,9.19577580744866,"gaussian",46,230,-0.875785225012088,0.322842123113448,9
349,0.635002172988257,4,8.98096800400177,"gaussian",36,144,-0.911334479624602,0.318874003730711,3
350,0.889335003737244,3,12.9016966135846,"bubble",39,117,-0.88900136074876,0.612514838053247,11
351,0.679170127451187,5,5.94996151720639,"bubble",30,150,-0.926539120994532,0.414549771070036,3
352,0.520155223987647,3,6.26128857480362,"gaussian",19,57,-0.897449951572358,0.546396472782771,3
353,0.543319359816727,5,7.17302108517382,"bubble",36,180,-0.933466645062408,0.325724944887231,1
354,0.626907428938313,3,3.92078080147039,"gaussian",12,36,-0.876327984357429,0.445819908428014,1
355,0.953240881904843,3,7.46834612832637,"bubble",22,66,-0.885031081680207,0.711243004917755,9
356,0.502024934156332,3,3.89533216504613,"gaussian",12,36,-0.879034730314457,0.548685772426658,2
357,0.65073958169017,3,11.72840255138,"gaussian",35,105,-0.899834581967021,0.5448363574699,9
358,0.682673196819145,5,6.31080324875889,"bubble",32,160,-0.926528551120964,0.449194505680855,4
359,0.886433773565572,5,9.36830894901883,"gaussian",47,235,-0.857962465862877,0.282109547227404,7
360,0.807886296162265,3,7.03620596221648,"gaussian",21,63,-0.867369122960528,0.379752416482957,3
361,0.986979357492179,3,4.72912248814944,"bubble",14,42,-0.870791076553375,0.521875529930473,4
362,0.856835016572732,5,6.07290942635853,"bubble",30,150,-0.921084954740161,0.511226047142615,6
363,0.607647808431648,4,12.8667519361246,"gaussian",51,204,-0.913944636576461,0.422926911989147,7
364,0.622262257170049,5,5.74330450372538,"bubble",29,145,-0.928147774497116,0.410819060539257,2
365,0.510745497476426,4,6.05806054557208,"gaussian",24,96,-0.913825345446338,0.474495506189588,4
366,0.980280612496776,3,11.9196223347192,"gaussian",36,108,-0.740961970355563,0.100101746650839,4
367,0.542974847825244,4,11.1097533020726,"bubble",44,176,-0.930867148029425,0.317805663896897,1
368,0.656919803957222,3,3.61689334102673,"gaussian",11,33,-0.868942473995337,0.379498049855859,1
369,0.547218698078417,5,8.91037785070715,"gaussian",45,225,-0.923788932413549,0.330795319654061,4
370,0.593100941265235,4,11.4736819051765,"gaussian",46,184,-0.91555758026792,0.358385619806681,6
371,0.51009725424333,4,7.98427726606373,"bubble",32,128,-0.92722549698059,0.426267593691708,2
372,0.971747180888429,5,5.12788465012796,"bubble",26,130,-0.907547293219163,0.507936238765474,10
373,0.846020385218435,5,7.92002518181223,"bubble",40,200,-0.916665525105979,0.371714431066644,6
374,0.957962861009058,3,5.46733787900303,"gaussian",16,48,-0.831986535910636,0.0873664575207733,2
375,0.636514743219828,3,12.3781370883295,"gaussian",37,111,-0.903220536375394,0.564202136679668,10
376,0.506901947404491,4,5.68825574852293,"gaussian",23,92,-0.912795746805517,0.465321349838901,4
377,0.615215755065205,4,4.07990984789329,"bubble",16,64,-0.906929498471476,0.535814821095472,2
378,0.638974694791948,3,7.63571353622014,"bubble",23,69,-0.910601841100841,0.53796845853824,4
379,0.747498266823124,3,12.1357413636148,"bubble",36,108,-0.915780442730032,0.588231304052908,6
380,0.654056046366226,5,3.21431327983504,"gaussian",16,80,-0.902098171119056,0.241767000169578,2
381,0.849547799905529,4,8.03948673157487,"gaussian",32,128,-0.869728685550364,0.294573511955231,5
382,0.763516264877399,3,7.53626177485101,"gaussian",23,69,-0.876833744935085,0.44649821943361,5
383,0.549479198720306,5,3.69188396567712,"bubble",18,90,-0.918116368647339,0.498168560284891,1
384,0.685598432601197,3,7.97158836802933,"gaussian",24,72,-0.893168551006755,0.480464643038833,4
385,0.517365798022249,3,6.59334572335705,"gaussian",20,60,-0.900598114185029,0.563981685602849,4
386,0.524867225577007,3,3.29392045452958,"bubble",10,30,-0.877137843387873,0.574614210615567,1
387,0.86009155619645,4,10.1489776205947,"gaussian",41,164,-0.858366151849076,0.29827030693573,7
388,0.961959925064119,4,4.52646434683818,"bubble",18,72,-0.899373021106603,0.379599796506698,2
389,0.794942967550014,5,6.4896384684206,"gaussian",32,160,-0.891700733013026,0.286925555367136,4
390,0.895656618852518,4,3.34458631958114,"bubble",13,52,-0.896638852150514,0.439172460573173,2
391,0.750429266742081,3,5.93111512734089,"gaussian",18,54,-0.879261373876783,0.465100898762082,4
392,0.727640987558756,3,6.01204696649453,"bubble",18,54,-0.901081014507507,0.581482109547227,3
393,0.784857935896027,3,3.90426660859957,"gaussian",12,36,-0.859278478318434,0.234237748007461,1
394,0.731087948594009,5,9.62147332794964,"bubble",48,240,-0.931110647794744,0.370340851280312,4
395,0.554697746055666,5,5.28936753160786,"bubble",26,130,-0.927012798978743,0.427471595726641,3
396,0.915101188339409,3,11.672105506761,"gaussian",35,105,-0.811378078865219,0.261047990503646,5
397,0.695100090265507,4,11.4462664703932,"gaussian",46,184,-0.903072973500221,0.341241309140241,6
398,0.823929027338978,3,4.62655877990881,"bubble",14,42,-0.886133378622618,0.597049347125657,3
399,0.577519063031184,5,7.19417013714323,"gaussian",36,180,-0.919810491833191,0.393844327624216,6
400,0.739342011640547,3,9.49377578038722,"gaussian",28,84,-0.885684614388908,0.453281329489571,6
401,0.968171597176697,5,3.30407197590685,"bubble",17,85,-0.90506796721944,0.37249448872308,2
402,0.792991836882429,4,9.46821136453189,"gaussian",38,152,-0.884126988383645,0.307461421061557,6
403,0.546206723508891,5,10.0583392332331,"gaussian",50,250,-0.923651459482845,0.330032219772766,5
404,0.824502872166107,4,9.05344183007255,"gaussian",36,144,-0.87438176739867,0.296133627268102,5
405,0.557838230539928,5,6.8403762839688,"gaussian",34,170,-0.920970601144305,0.415295913176191,5
406,0.786744247975061,3,6.16677787354682,"gaussian",19,57,-0.871847918558539,0.392809903340682,2
407,0.831516006706748,3,7.68853592935251,"gaussian",23,69,-0.861214283077492,0.378514498897745,5
408,0.852451760735246,3,7.99981325381203,"gaussian",24,72,-0.853042649706944,0.346142106155672,4
409,0.738498240765301,3,7.87627773272572,"gaussian",24,72,-0.883964478757003,0.461878921485501,4
410,0.702992138416041,3,5.59928171257488,"gaussian",17,51,-0.879169995548766,0.446956079362388,3
411,0.894706810257863,4,3.83118132505333,"bubble",15,60,-0.901607787014869,0.404510768187214,1
412,0.515554264646373,5,5.19843010207638,"gaussian",26,130,-0.919614827000193,0.470493471256571,4
413,0.608213239216479,5,5.41190934273647,"bubble",27,135,-0.927416029417673,0.314956757673393,1
414,0.648677122799796,3,4.65862134708092,"bubble",14,42,-0.891518139523299,0.553959640495167,1
415,0.65208661863103,5,3.09355401387671,"gaussian",15,75,-0.902967225620802,0.233152450398508,1
416,0.586538173504989,5,6.97004445606843,"bubble",35,175,-0.931473380483306,0.358063422079023,1
417,0.910550556885777,3,4.96599895733176,"gaussian",15,45,-0.844698496267312,0.140444293708665,1
418,0.782732464714791,5,4.40021373323631,"gaussian",22,110,-0.894306943537173,0.175072070544345,2
419,0.644817623254727,4,4.56784050113522,"gaussian",18,72,-0.899443461439017,0.418331354926234,3
420,0.721603588073398,3,8.29409554069862,"gaussian",25,75,-0.887196764136221,0.461522808207563,4
421,0.563733470030944,4,10.1990686292364,"gaussian",41,164,-0.917492542868255,0.348499236900119,3
422,0.847447485969402,5,4.5451219932572,"gaussian",23,115,-0.885963780905382,0.132304561641513,2
423,0.561863095632289,5,5.65902422187384,"gaussian",28,140,-0.918738134063432,0.461166694929625,6
424,0.617120737966383,5,4.20589765001088,"bubble",21,105,-0.920235859746094,0.502187552993047,4
425,0.793305465420242,3,4.4990160731622,"gaussian",13,39,-0.857310422625168,0.207936238765474,1
426,0.778127471612766,3,9.28545906923944,"gaussian",28,84,-0.873962837976042,0.387569950822452,4
427,0.963670696666697,3,3.1978969680029,"bubble",10,30,-0.858308225824166,0.694556554180092,3
428,0.566578807977959,4,10.5019748310139,"gaussian",42,168,-0.917451849599147,0.340647787010344,4
429,0.667929961402551,3,6.98861675332068,"gaussian",21,63,-0.89228255696844,0.506172630150924,4
430,0.829561792402063,3,9.54948015602771,"bubble",29,87,-0.901339831408409,0.683093098185518,9
431,0.591533004269237,4,5.96340562564088,"gaussian",24,96,-0.909776218455353,0.425691029336951,4
432,0.570687379624229,4,11.242798985485,"bubble",45,180,-0.930843913416193,0.276852636934034,1
433,0.508304156711907,4,3.14142505073687,"gaussian",13,52,-0.89490328613327,0.402272341868747,2
434,0.70463459457329,3,11.4655958380061,"gaussian",34,102,-0.892610013568431,0.492843818890962,8
435,0.815398843752919,5,6.52433445042698,"gaussian",33,165,-0.885856770763793,0.292046803459386,5
436,0.774594958515838,3,12.7770853856602,"bubble",38,114,-0.914082084995877,0.603018483974903,8
437,0.701889007042395,4,7.23609119727742,"gaussian",29,116,-0.902133061868011,0.325199253857894,3
438,0.529094242580235,4,10.6423477231245,"gaussian",43,172,-0.920746822329925,0.341936577920977,4
439,0.92994044861244,5,12.9549295013514,"gaussian",65,325,-0.815853806100873,0.236645752077327,10
440,0.500355855800211,4,8.57860732400324,"bubble",34,136,-0.927477414886214,0.416805155163643,2
441,0.514010871018283,5,4.84892070252448,"bubble",24,120,-0.926294236593088,0.454994064778701,1
442,0.803622469742433,3,7.34162358336383,"bubble",22,66,-0.900420910572501,0.513956248940139,5
443,0.552822722508688,5,12.3897691039392,"bubble",62,310,-0.93930744541112,0.249262336781414,1
444,0.658047097493545,4,10.6768990036286,"gaussian",43,172,-0.908390597375213,0.340732575886044,5
445,0.53054998460738,5,9.55614100064384,"gaussian",48,240,-0.925341359283578,0.330795319654061,4
446,0.610820020601153,5,9.9529184178845,"gaussian",50,250,-0.918054540790373,0.33455994573512,6
447,0.906402884412906,3,9.37538519308204,"gaussian",28,84,-0.828688456976276,0.261217568255045,5
448,0.790891063174698,3,5.80668862496736,"gaussian",17,51,-0.870426359884965,0.387179921994234,2
449,0.67734519801545,4,8.05798079243396,"bubble",32,128,-0.922259889679384,0.390486688146515,2
450,0.587791586241685,5,9.77593533020699,"gaussian",49,245,-0.920780827953596,0.335577412243514,6
451,0.970084096490406,3,9.06910497191828,"gaussian",27,81,-0.79323972175131,0.102034933016788,3
452,0.840587740277173,3,11.6147751810472,"bubble",35,105,-0.908937186229023,0.633830761404104,7
453,0.599416054115398,3,4.3262559754937,"bubble",13,39,-0.889371893954395,0.486891639816856,1
454,0.712701419998193,3,12.8102487698896,"bubble",38,114,-0.915040585835625,0.57232491097168,7
455,0.535456585120875,4,4.34389847568702,"gaussian",17,68,-0.902504686214906,0.457198575546888,3
456,0.923094849069021,5,12.0070984849939,"gaussian",60,300,-0.827426868968262,0.247006952687807,9
457,0.548485313134501,4,6.46648182622157,"bubble",26,104,-0.920452190829141,0.4172969306427,2
458,0.596001585953869,5,11.3723730769055,"bubble",57,285,-0.937376684541438,0.299321688994404,1
459,0.925943056987366,4,3.44703702888684,"gaussian",14,56,-0.864277055368628,0.0597931151432932,1
460,0.515397621881799,5,7.79630555626936,"gaussian",39,195,-0.925008891028857,0.3586060708835,4
461,0.520909467058606,4,3.67748094490729,"bubble",15,60,-0.908047575926385,0.432372392742072,1
462,0.663215994676109,3,4.78313414060744,"gaussian",14,42,-0.878899518459954,0.489808377140919,3
463,0.793588576403446,3,9.6785173445032,"bubble",29,87,-0.909144014015598,0.639087671697473,7
464,0.673572959708632,3,5.22404694566038,"gaussian",16,48,-0.882811948128143,0.507783618789215,3
465,0.544725872457377,3,12.7503117292933,"gaussian",38,114,-0.909397007360215,0.567068000678311,9
466,0.56345024719194,5,10.2680847944552,"bubble",51,255,-0.93707207392316,0.292555536713583,1
467,0.505208100717748,4,12.4750001590722,"gaussian",50,200,-0.922785638659679,0.311412582669154,3
468,0.590227276335238,4,7.50040463233599,"gaussian",30,120,-0.913740090028862,0.380481600813973,3
469,0.52182504739298,5,9.11703631646465,"gaussian",46,230,-0.925332458839004,0.328743428862133,4
470,0.753384539109771,4,7.1154012033646,"gaussian",28,112,-0.892985017942958,0.353111751738172,4
471,0.611487652014592,3,6.08409067749977,"bubble",18,54,-0.900883028031302,0.677174834661692,4
472,0.544461910272948,4,9.22476379605709,"gaussian",37,148,-0.919013507291421,0.379752416482957,3
473,0.528861913999892,4,7.45307610203978,"gaussian",30,120,-0.917464310782629,0.403645921655079,4
474,0.680194181771833,5,3.54236517191865,"bubble",18,90,-0.913385618123526,0.456333729014753,3
475,0.602932155772694,4,5.3817487965175,"bubble",22,88,-0.916457547303323,0.43964727827709,1
476,0.928366970960284,3,4.86152990924893,"bubble",15,45,-0.8847418590927,0.725317958283873,5
477,0.948292742842226,4,8.07003160933498,"gaussian",32,128,-0.838429461198525,0.202187552993047,5
478,0.675807261876529,3,12.3026422863081,"gaussian",37,111,-0.897052987477023,0.542207902323215,9
479,0.995875034437748,3,3.7035440520267,"gaussian",11,33,-0.825507288300522,0.0517720875021197,1
480,0.58231111891428,5,8.72743845238118,"gaussian",44,220,-0.920624755244942,0.34317449550619,5
481,0.935576509661973,5,3.03417632841738,"bubble",15,75,-0.910032487041124,0.432609801594031,2
482,0.845906119891792,3,4.5723940583691,"gaussian",14,42,-0.857118604676066,0.216279464134306,2
483,0.884632984708529,5,7.39705099292565,"gaussian",37,185,-0.86638613718668,0.242852297778531,6
484,0.914956154936459,4,6.09855842348887,"bubble",24,96,-0.906167387588371,0.466576225199254,5
485,0.783532292352291,3,3.04782122473931,"gaussian",9,27,-0.843821644959734,0.174020688485671,1
486,0.796673797160503,3,11.3033691956475,"gaussian",34,102,-0.872269871936824,0.424266576225199,6
487,0.846608749440406,3,8.26078454564791,"bubble",25,75,-0.903773033274334,0.590300152619976,6
488,0.637001360790105,4,9.0890585629968,"gaussian",36,144,-0.909738715539537,0.315787688655248,3
489,0.530353122266824,5,12.626933494017,"gaussian",63,315,-0.92597073622419,0.294556554180092,3
490,0.613817014912376,5,12.9637118757563,"gaussian",65,325,-0.918137912955914,0.348143123622181,9
491,0.716773092079675,4,12.1639626412117,"gaussian",49,196,-0.898405002063723,0.361132779379345,9
492,0.947915304658003,3,7.07979187446414,"gaussian",21,63,-0.829341244107343,0.150635916567746,3
493,0.556599999654689,5,11.0682325204229,"gaussian",55,275,-0.923285214025549,0.325623198236391,4
494,0.717499348059879,3,11.9217516918783,"bubble",36,108,-0.91192031889055,0.559318297439376,6
495,0.841765691323322,4,3.72982372566359,"bubble",15,60,-0.900238113706887,0.475699508224521,3
496,0.603958777175285,3,3.40004523206735,"gaussian",10,30,-0.866082360818959,0.326742411395625,1
497,0.585564741333015,3,9.65337507491931,"gaussian",29,87,-0.904443885382337,0.524300491775479,7
498,0.616988058956107,4,4.73407271554461,"gaussian",19,76,-0.902634356325564,0.460844497201967,3
499,0.96550927572092,4,12.7681456807442,"gaussian",51,204,-0.778864322488003,0.17763269459047,7
500,0.556322835730039,3,11.3180206096917,"gaussian",34,102,-0.908126512626992,0.568407664914363,7
501,0.513900864536292,4,5.06022378233261,"bubble",20,80,-0.914601336110234,0.509157198575547,3
502,0.555824159661191,3,3.50676081379643,"gaussian",11,33,-0.874000870679662,0.441733084619298,1
503,0.836708537576254,3,12.0343360435776,"gaussian",36,108,-0.849045612323603,0.360607088350008,6
504,0.599797086826642,3,3.78952931220643,"gaussian",11,33,-0.871449110846499,0.417466508394099,1
505,0.71863267992367,5,12.834581117644,"gaussian",64,320,-0.90255652869622,0.336883160929286,9
506,0.703710274068755,3,5.87689532791497,"bubble",18,54,-0.9012472456833,0.529981346447346,2
507,0.884363756797276,4,11.2942008316354,"gaussian",45,180,-0.844979533614169,0.269984738002374,7
508,0.639549058668548,3,12.8838421412278,"bubble",39,117,-0.920442204373869,0.418602679328472,3
509,0.691066228989046,3,10.2375441820733,"gaussian",31,93,-0.893193180024176,0.474987281668645,7
510,0.557200696858228,3,5.03660028517246,"gaussian",15,45,-0.88681688182735,0.562472443615398,2
511,0.528449609992676,3,4.23121446343604,"bubble",13,39,-0.891258696530004,0.604816008139732,1
512,0.954717584903468,4,6.71158874706598,"gaussian",27,108,-0.844050870604063,0.152484314057996,4
513,0.855486589519307,3,4.88304137468571,"gaussian",15,45,-0.855617845555271,0.212430049177548,2
514,0.976853650472593,3,10.8028801170504,"gaussian",32,96,-0.768057876320405,0.122909954214007,5
515,0.673431311562192,4,6.63514987821691,"bubble",27,108,-0.922879637457925,0.396082753942683,1
516,0.531092371260282,4,3.3184708808572,"bubble",13,52,-0.901436339095969,0.472172290995421,1
517,0.518667125199805,4,9.29804905890254,"bubble",37,148,-0.930057570303932,0.387027302017975,1
518,0.550979376846924,3,10.6803554002428,"gaussian",32,96,-0.909443944420206,0.540257758182127,6
519,0.702250448792358,5,7.95195911955787,"bubble",40,200,-0.932865204955754,0.339308122774292,2
520,0.592108342969907,3,7.75163853733102,"gaussian",23,69,-0.89997776256462,0.545005935221299,6
521,0.634728978633299,5,4.76894675930496,"gaussian",24,120,-0.911896715298216,0.423571307444463,6
522,0.565624949514051,4,4.09082469047978,"gaussian",16,64,-0.8994696518025,0.454739698151603,3
523,0.525712531881523,5,12.8449028430809,"bubble",64,320,-0.939758783297359,0.262235034763439,1
524,0.538896001929068,5,5.32547043048311,"gaussian",27,135,-0.918991776170751,0.478124470069527,5
525,0.625575085174292,5,5.51548334751744,"gaussian",28,140,-0.913625844512653,0.42241817873495,5
526,0.798594635297428,3,10.4697415777203,"gaussian",31,93,-0.869843474503502,0.403340681702561,5
527,0.737514151672483,4,9.78152796332724,"gaussian",39,156,-0.895225908290246,0.328539935560454,6
528,0.789373850667616,5,5.14825757067651,"gaussian",26,130,-0.894761166469257,0.267441071731389,3
529,0.94677731415967,4,5.54843837216264,"gaussian",22,88,-0.851716738179908,0.105409530269629,3
530,0.617632614283124,5,4.95740346070612,"gaussian",25,125,-0.91255935383363,0.409632016279464,5
531,0.641695302972221,3,6.47468179115327,"gaussian",19,57,-0.891837162420809,0.553959640495167,5
532,0.78328333021875,5,8.48727370667737,"gaussian",42,210,-0.890449087712625,0.305579108021028,5
533,0.632747976432205,3,11.1464794155071,"gaussian",33,99,-0.902631196804336,0.546176021705952,9
534,0.663973948918516,5,3.8607033060398,"gaussian",19,95,-0.905058636872648,0.262184161438019,1
535,0.626267766557517,5,7.41425058315974,"bubble",37,185,-0.930449619214252,0.473901984059691,5
536,0.523962051479612,4,10.0239126453036,"bubble",40,160,-0.929300100035964,0.298592504663388,1
537,0.505640910396934,3,5.77704237426864,"bubble",17,51,-0.901483124527424,0.670425640156012,1
538,0.980593008753145,3,3.13860031547025,"gaussian",9,27,-0.826827889542984,0.0630150924198745,1
539,0.649418340065051,3,7.86748224853072,"gaussian",24,72,-0.896362141100747,0.493301678819739,4
540,0.860568879019585,5,12.5489931366546,"bubble",63,315,-0.915917850437964,0.496693233847719,8
541,0.803316073964932,4,4.7128133715759,"bubble",19,76,-0.907343126363074,0.533050703747668,6
542,0.767110537962872,4,5.35926713169785,"gaussian",21,84,-0.891215240569432,0.371765304392064,3
543,0.577453857729328,5,3.27276986903977,"bubble",16,80,-0.915192531092149,0.45509581142954,2
544,0.926297612888971,4,5.92096319016535,"bubble",24,96,-0.909777971496566,0.505680854671867,5
545,0.962520477478742,5,6.89819015460555,"gaussian",34,170,-0.845566352236426,0.072070544344582,6
546,0.779463480349164,3,10.2560010517947,"gaussian",31,93,-0.876156378918472,0.41895879260641,5
547,0.785835632099188,4,11.3935039372044,"gaussian",46,184,-0.883816028780934,0.3517212141767,10
548,0.540108684752369,4,11.358934234865,"gaussian",45,180,-0.919992291533505,0.347159572664066,5
549,0.791326055245125,5,3.75968132987386,"gaussian",19,95,-0.892602480075289,0.138714600644395,1
550,0.595468765159952,5,11.8408313738904,"gaussian",59,295,-0.920542203040843,0.334865185687638,7
551,0.640796720145852,3,8.85441021620762,"gaussian",27,81,-0.899506212336513,0.506443954553163,7
552,0.804235336159822,5,4.58979909385089,"bubble",23,115,-0.914375622948691,0.440630829235204,6
553,0.519252203737036,3,6.00810520996107,"bubble",18,54,-0.90419584374848,0.512599626928947,1
554,0.940393917434732,3,10.2913840220543,"gaussian",31,93,-0.80269708150772,0.203103272850602,6
555,0.501699661459425,4,4.82116801020456,"gaussian",19,76,-0.907748694653972,0.480634220790232,5
556,0.859408547488856,4,8.16237712521572,"gaussian",33,132,-0.865614199561855,0.288994403934204,5
557,0.863414426915464,5,5.64692672741367,"bubble",28,140,-0.919956669900333,0.451161607597083,5
558,0.534439343924168,3,12.1756955521926,"bubble",37,111,-0.91821706088436,0.308512803120231,2
559,0.905308038784773,5,9.64842054809444,"bubble",48,240,-0.902145024110018,0.440054264880448,9
560,0.652756798161776,4,11.3344209480868,"gaussian",45,180,-0.909501516320004,0.352636934034255,6
561,0.883717304686899,5,6.13061553889886,"gaussian",31,155,-0.870189492152613,0.164643038833305,4
562,0.941941121002426,4,3.02485932393232,"gaussian",12,48,-0.862322617874146,0.0630829235204341,1
563,0.550044171452988,5,4.00733058628859,"bubble",20,100,-0.921023973583397,0.491775479057148,2
564,0.571764068586868,3,4.24004363709595,"gaussian",13,39,-0.879258475301348,0.468628115991182,2
565,0.857106343472376,3,9.61086204572115,"gaussian",29,87,-0.849489249528625,0.338782431744955,4
566,0.555018331171828,5,7.64025648090523,"gaussian",38,190,-0.922339848532195,0.368221129387824,4
567,0.536362136366195,3,6.5571809451282,"gaussian",20,60,-0.898520661478744,0.582262167203663,5
568,0.851818406734034,4,8.92062912584515,"gaussian",36,144,-0.866252317389878,0.297235882652196,6
569,0.737195022815373,5,6.90279468350345,"gaussian",35,175,-0.900758340116991,0.343530608784128,6
570,0.668196901994292,5,3.91530019233003,"bubble",20,100,-0.917684815401419,0.397524164829574,2
571,0.503461068167933,4,6.6468110301625,"gaussian",27,108,-0.916758320693925,0.422587756486349,4
572,0.710824760524323,3,7.60876963266404,"bubble",23,69,-0.909582487211398,0.602136679667628,5
573,0.524155171779101,5,11.3451541009708,"bubble",57,285,-0.939377995450521,0.32582669153807,1
574,0.56271394207899,4,12.1418901846069,"bubble",49,196,-0.932168645505816,0.284585382397829,1
575,0.567795601200312,5,6.54460988373496,"gaussian",33,165,-0.919429752629598,0.423333898592505,5
576,0.526675423000357,5,4.28795419852948,"gaussian",21,105,-0.914627431231782,0.433559437001865,4
577,0.995339661527541,4,10.8354221522226,"gaussian",43,172,-0.760168952539571,0.0499745633372901,5
578,0.633406108419993,5,10.9712288353569,"bubble",55,275,-0.935617296179913,0.321451585551976,2
579,0.872451122466358,4,4.91828563711606,"bubble",20,80,-0.904312469224318,0.432134983890114,5
580,0.63128880322387,4,12.948615422463,"gaussian",52,208,-0.911297607613752,0.388316092928608,8
581,0.762177366566844,5,4.90871590889525,"gaussian",25,125,-0.897858325244454,0.278921485501102,3
582,0.718353423095541,5,6.57386202031514,"gaussian",33,165,-0.903394769211994,0.360505341699169,5
583,0.713418196055223,4,5.2104663000768,"gaussian",21,84,-0.897010490734243,0.392860776666101,3
584,0.683034570382326,4,3.53363780584419,"bubble",14,56,-0.901541845569224,0.410717313888418,1
585,0.630198375582113,4,5.88682321397355,"gaussian",24,96,-0.907083658198932,0.412837035780906,3
586,0.654562974120257,5,8.62876277192961,"gaussian",43,215,-0.913881846994269,0.326538918093946,5
587,0.666925294911955,5,4.33546687307302,"bubble",22,110,-0.921076297534258,0.439291164999152,3
588,0.982393624076503,5,9.8851937568537,"bubble",49,245,-0.891583970337067,0.491063252501272,12
589,0.993593679102603,3,3.07174907458713,"bubble",9,27,-0.858809956855071,0.47937934542988,2
590,0.564681072230218,4,7.2402623800654,"gaussian",29,116,-0.914986693763412,0.396930642699678,3
591,0.722650271322927,3,11.2565596685838,"gaussian",34,102,-0.889226045677509,0.482397829404782,8
592,0.990433877588599,4,6.0385292301164,"bubble",24,96,-0.881045543104183,0.652857385111073,11
593,0.500775271983119,3,7.15369954422582,"gaussian",21,63,-0.90272231502127,0.546108190605393,4
594,0.83201603622688,4,3.65921036102809,"gaussian",15,60,-0.876625628837195,0.145497710700356,1
595,0.714571104326867,4,5.36102746918099,"gaussian",21,84,-0.897010490734243,0.392860776666101,3
596,0.689067637833767,4,7.16697991729714,"gaussian",29,116,-0.902989551364377,0.331371884008818,3
597,0.776122207177919,3,10.9219308591727,"gaussian",33,99,-0.8767901020293,0.447464812616585,7
598,0.659247965487652,5,6.69768861918012,"gaussian",33,165,-0.91167217917793,0.390452772596235,6
599,0.584365557666984,3,6.86105075635249,"gaussian",21,63,-0.899080998497324,0.543734102085806,4
600,0.952997357576503,5,9.00758016323205,"gaussian",45,225,-0.834412811126707,0.177717483466169,7
601,0.6694330128039,4,8.74360888356809,"gaussian",35,140,-0.905868887929826,0.333186365948788,4
602,0.614988482130691,5,8.90630870482419,"gaussian",45,225,-0.91786347125921,0.336527047651348,5
603,0.649928084279993,3,12.6896050971304,"bubble",38,114,-0.918487942143616,0.559708326267594,6
604,0.942820520803565,4,5.67086304181023,"gaussian",23,92,-0.852116516330206,0.135560454468374,3
605,0.769435796399601,5,4.0169763875776,"gaussian",20,100,-0.897087815729729,0.177225707987112,1
606,0.82427608996362,3,12.2387936235289,"bubble",37,111,-0.910005505939314,0.643310157707309,9
607,0.956045449523255,4,4.66374653323321,"bubble",19,76,-0.897764784046065,0.579854163133797,7
608,0.668799358345452,3,3.08172053452581,"bubble",9,27,-0.870360674271997,0.478209258945226,1
609,0.870864380049054,5,12.9131891674129,"bubble",65,325,-0.911243360486991,0.430880108529761,10
610,0.928938713470008,4,3.3756735519506,"gaussian",14,56,-0.862196352839956,0.0534339494658301,1
611,0.621322464077035,4,7.0469768578955,"gaussian",28,112,-0.909758397876486,0.40166186196371,4
612,0.661773673660122,5,9.43692754856544,"gaussian",47,235,-0.912536980582432,0.326403255892827,6
613,0.726570528635406,4,3.42539490411524,"gaussian",14,56,-0.884942034910534,0.222095981007292,1
614,0.608805164904217,5,4.02402884082869,"gaussian",20,100,-0.910879028780952,0.379124978802781,2
615,0.960675322572701,5,11.0223208670248,"gaussian",55,275,-0.810629865640101,0.174597252840427,8
616,0.977139129730058,4,6.75216096753022,"bubble",27,108,-0.901834283802408,0.596218416143802,10
617,0.949407901993487,3,9.48701777107548,"gaussian",28,84,-0.808148068232722,0.182482618280482,5
618,0.645056196330697,4,10.7292491219658,"gaussian",43,172,-0.91012135582173,0.344225877564864,5
619,0.53713405677001,3,4.42346592427464,"gaussian",13,39,-0.880136955061378,0.482024758351704,1
620,0.975493993421202,3,12.8771101709385,"bubble",39,117,-0.870041121389473,0.747922672545362,12
621,0.871207646472962,5,11.4344132301584,"gaussian",57,285,-0.855707714122229,0.303628963879939,8
622,0.670206061103963,5,7.67384709425503,"gaussian",38,190,-0.911114682466026,0.352874342886213,6
623,0.734621884746593,3,10.499836956549,"bubble",31,93,-0.911662827838164,0.607681872138375,5
624,0.692056262549479,4,6.43277682783781,"gaussian",26,104,-0.903120873900606,0.379667627607258,3
625,0.8067593717454,5,11.7060072099674,"gaussian",59,295,-0.882392022985022,0.326013227064609,7
626,0.90967496453342,5,3.28786296432838,"bubble",16,80,-0.911176748889144,0.422502967610649,3
627,0.60190957053646,4,5.47116929581854,"bubble",22,88,-0.914331051853235,0.541885704595557,4
628,0.728007510515512,4,3.47411295413738,"gaussian",14,56,-0.884942034910534,0.222095981007292,1
629,0.583640623539686,4,3.01432325580856,"bubble",12,48,-0.89928311660824,0.398456842462269,1
630,0.511222967681359,3,8.58680124670966,"bubble",26,78,-0.911953441813157,0.479481092080719,2
631,0.627431802030769,3,7.8515188660752,"bubble",24,72,-0.912080062393255,0.535679158894353,2
632,0.602034517708351,3,5.34523327477509,"gaussian",16,48,-0.887765061180415,0.545802950652874,3
633,0.861878204891691,5,10.5570379629149,"gaussian",53,265,-0.85994890228555,0.313990164490419,9
634,0.637887050694087,4,8.38267932089046,"gaussian",34,136,-0.910739108357412,0.320061047990504,3
635,0.878480615961482,3,9.51668232085882,"gaussian",29,87,-0.840181634400885,0.306986603357639,6
636,0.561484066847013,3,5.43136510570534,"bubble",16,48,-0.89986862163445,0.50169577751399,1
637,0.657412049110047,3,6.29587879661936,"bubble",19,57,-0.901465827881439,0.500491775479057,2
638,0.854632315555937,3,3.25481646412285,"gaussian",10,30,-0.836297872046355,0.105697812447007,1
639,0.687000602809014,3,7.33453106778907,"bubble",22,66,-0.908568702965179,0.537815838561981,1
640,0.665473997590132,3,7.40716721287929,"gaussian",22,66,-0.894856647053175,0.534814312362218,6
641,0.853236697345623,3,4.10822222678456,"bubble",12,36,-0.880803601253482,0.552196031880617,2
642,0.755290209063795,5,6.58494047086453,"bubble",33,165,-0.925310000151853,0.462370696964558,5
643,0.827677367529715,5,7.74617847758345,"bubble",39,195,-0.924833694096498,0.477853145667288,6
644,0.532084133061813,3,10.9380248572887,"gaussian",33,99,-0.910478196243498,0.545073766321859,6
645,0.978255308618071,4,8.78406819247873,"gaussian",35,140,-0.810301893242136,0.0663896896727149,5
646,0.971015244686394,5,10.8175310513051,"gaussian",54,270,-0.803173010875561,0.144480244191962,8
647,0.735377633563126,5,11.0020526090264,"gaussian",55,275,-0.900277643675156,0.339206376123453,9
648,0.969378296262585,5,8.50599019423593,"gaussian",43,215,-0.829155261236274,0.125317958283873,7
649,0.684212709394167,4,5.63840731666423,"bubble",23,92,-0.916647941269416,0.487129048668815,2
650,0.864154204453458,5,4.46192889732309,"gaussian",22,110,-0.883972414886034,0.116856028489062,2
651,0.657637230721652,4,5.3043704990577,"bubble",21,84,-0.915238197117261,0.352416482957436,1
652,0.896173280685674,3,12.8053702347749,"bubble",38,114,-0.88962214189707,0.654298795997965,11
653,0.67833216897829,4,12.1226947399089,"bubble",48,192,-0.926982212313027,0.39313210106834,5
654,0.967583672610694,5,3.84929707449861,"bubble",19,95,-0.909169238032667,0.478446667797185,5
655,0.8993079884412,5,5.8332145274058,"bubble",29,145,-0.918931423135389,0.511480413769713,6
656,0.641494190979633,4,12.5620555107389,"bubble",50,200,-0.932015101593261,0.390707139223334,3
657,0.919221235603094,4,7.0116449754918,"bubble",28,112,-0.904319858135053,0.567017127352891,9
658,0.933464682251564,5,7.88007894836366,"gaussian",39,195,-0.849513943722586,0.190334068170256,6
659,0.912528042860678,5,7.91198488856433,"gaussian",40,200,-0.856552343742922,0.228590808885874,6
660,0.856104446983896,4,8.82880530794617,"gaussian",35,140,-0.864279338950451,0.292487705613024,6
661,0.730181021240074,5,6.40942933082348,"bubble",32,160,-0.924115961310361,0.488502628455147,6
662,0.669721309355227,4,4.11455613492522,"gaussian",16,64,-0.895893939293295,0.373138884178396,2
663,0.661311123897205,5,10.9016198326042,"gaussian",55,275,-0.912605531666286,0.342445311175174,8
664,0.98635681600438,4,12.9317476313119,"gaussian",52,208,-0.742528651366051,0.0842971002204511,7
665,0.639307391486131,5,6.6850906745973,"gaussian",33,165,-0.913702361788377,0.376428692555537,5
666,0.575620129760122,3,3.18584819988348,"bubble",10,30,-0.874390294320709,0.551856876377819,1
667,0.957252288109506,3,10.0172977064154,"bubble",30,90,-0.857374460736066,0.323842631846702,4
668,0.866526508340729,4,11.665567979638,"gaussian",47,188,-0.847879582900252,0.280600305239952,7
669,0.688457808955805,3,9.75320222080685,"bubble",29,87,-0.911035827429726,0.451941665253519,4
670,0.988860474903835,5,3.5125555990357,"gaussian",18,90,-0.865752896456754,0.0294386976428693,2
671,0.535787863028585,5,8.04421358464752,"bubble",40,200,-0.934360726524326,0.373478039681194,1
672,0.664007287748973,3,10.1785133625823,"gaussian",31,93,-0.898813297919797,0.512413091402408,8
673,0.749870366956806,5,7.71672069301829,"gaussian",39,195,-0.898500097647772,0.315126335424792,5
674,0.996819864476449,3,8.01554523658939,"gaussian",24,72,-0.781545686456373,0.0363235543496693,2
675,0.600708490350284,5,3.38261057832278,"gaussian",17,85,-0.907234836405595,0.304578599287773,1
676,0.984355505720479,3,4.55391915826593,"bubble",14,42,-0.869530716148349,0.604222486009836,5
677,0.713632885620114,5,11.9347178491275,"gaussian",60,300,-0.903693374152288,0.338460234017297,8
678,0.54664719222323,3,9.89520607667975,"gaussian",30,90,-0.908013452589185,0.557232491097168,7
679,0.646327132568345,3,10.6229801196908,"gaussian",32,96,-0.90051439097065,0.51717822621672,8
680,0.674115921468241,4,4.94431048740633,"bubble",20,80,-0.912943610399552,0.443649313210107,2
681,0.964287543436745,4,3.55628607582999,"gaussian",14,56,-0.857506961485967,0.0461760217059522,1
682,0.975936380040366,4,6.85318010359304,"gaussian",27,108,-0.83401486538569,0.0699677802272342,3
683,0.604943758137408,3,12.2077087325207,"bubble",37,111,-0.916919590937234,0.54821095472274,6
684,0.523164073317894,4,6.72361692129634,"bubble",27,108,-0.921817026257851,0.4138545022893,2
685,0.69562608026783,5,5.57766153613105,"gaussian",28,140,-0.907019773516924,0.366067491945057,4
686,0.724490886622574,4,5.20108184150886,"gaussian",21,84,-0.897010490734243,0.392860776666101,3
687,0.926823470954667,5,11.6495112607558,"gaussian",58,290,-0.826898936088675,0.252450398507716,9
688,0.942258755165851,3,10.3935042085499,"bubble",31,93,-0.894586040773684,0.755723249109717,12
689,0.973617764475057,5,6.18273500462063,"gaussian",31,155,-0.845196220295654,0.033796845853824,3
690,0.913488129369332,5,3.12050745875808,"gaussian",16,80,-0.880980928266778,0.0517381719518399,1
691,0.867215916549903,4,8.23984026676277,"bubble",33,132,-0.910089093241135,0.57068000678311,10
692,0.628941239761887,5,3.82508581842762,"bubble",19,95,-0.920161216436766,0.482279124978803,1
693,0.922494622701779,5,7.4203651293763,"bubble",37,185,-0.902078530649662,0.433644225877565,7
694,0.68653452499304,4,8.0056417019316,"gaussian",32,128,-0.904129702380558,0.316109886382907,3
695,0.619804153950419,4,10.5811641861522,"bubble",42,168,-0.928188880031344,0.42925216211633,4
696,0.558827004769351,3,7.52302990520373,"gaussian",23,69,-0.903776232192956,0.541563506867899,5
697,0.876669543674798,4,11.8553018734837,"gaussian",47,188,-0.844710137543406,0.279989825334916,8
698,0.601279069935204,3,8.76297460971633,"gaussian",26,78,-0.903844305565625,0.506189587926064,6
699,0.616099438681384,3,7.72872848310275,"bubble",23,69,-0.911872484115528,0.389808377140919,1
700,0.989379249380319,4,10.1062754902756,"bubble",40,160,-0.880568670916788,0.378548414448024,7
701,0.562119154197164,5,11.8327334528929,"bubble",59,295,-0.938909306579033,0.234017296930643,1
702,0.719954113090644,4,3.16718001826433,"bubble",13,52,-0.898715295396688,0.387620824147872,1
703,0.979403818884166,5,5.82347524914425,"bubble",29,145,-0.895463536196785,0.347481770391725,6
704,0.683828295755549,3,8.80680706399027,"bubble",26,78,-0.911010489806256,0.644700695268781,5
705,0.579820454152301,4,12.6794719344168,"bubble",51,204,-0.929227198640814,0.316805155163643,3
706,0.543956642182195,3,4.93524845476262,"bubble",15,45,-0.895349225675521,0.512820078005766,1
707,0.983605120187509,3,11.1609863506537,"bubble",33,99,-0.871291431229981,0.621604205528235,10
708,0.813815686887829,4,7.12123659296194,"bubble",28,112,-0.914351497724395,0.478022723418687,6
709,0.963143470536568,5,6.74363774158293,"gaussian",34,170,-0.845566352236427,0.072070544344582,5
710,0.633978522760211,4,7.76112988978857,"bubble",31,124,-0.922935292229918,0.412616584704087,3
711,0.708736140592839,4,9.83108970116591,"gaussian",39,156,-0.900665517363879,0.302594539596405,3
712,0.638078871212318,3,9.41967128442367,"gaussian",28,84,-0.900863885364379,0.498083771409191,6
713,0.696751290850458,4,11.8693221812486,"gaussian",47,188,-0.903324516229789,0.352772596235374,7
714,0.650091611339478,3,7.80717398813693,"bubble",23,69,-0.911536252390145,0.472223164320841,3
715,0.825614694385324,4,4.47396742727142,"gaussian",18,72,-0.881623585271484,0.223045616415126,2
716,0.541494736625231,5,10.5407790689636,"bubble",53,265,-0.938450807270237,0.332541970493471,1
717,0.992807297428953,3,12.8218154219911,"bubble",38,114,-0.851239599635458,0.712413091402408,12
718,0.606151189675671,3,12.4527868508245,"bubble",37,111,-0.9182894319987,0.590605392572494,6
719,0.644426366794854,3,9.1016700764792,"gaussian",27,81,-0.899506212336513,0.506443954553163,7
720,0.545788055876852,4,9.63899496668484,"gaussian",39,156,-0.919073991486224,0.364744785484144,4
721,0.581410253376351,4,3.63797757719876,"bubble",15,60,-0.905027878377671,0.501458368662032,3
722,0.519997378372238,4,5.95075007998617,"bubble",24,96,-0.921568593227913,0.379718500932678,1
723,0.674518642659648,5,4.50803076196695,"bubble",23,115,-0.921559124195065,0.504035950483297,3
724,0.992203553956351,5,6.88060890800785,"bubble",34,170,-0.887511344593507,0.304985585891131,6
725,0.618091996543692,5,8.70618179578334,"bubble",44,220,-0.934647563879476,0.408478887569951,1
726,0.941378712617676,4,11.9405773975584,"gaussian",48,192,-0.807979447984062,0.232474139392912,7
727,0.612601942276233,5,12.5362283026567,"bubble",63,315,-0.930182608678486,0.155570629133458,1
728,0.891558071478503,4,4.43181092607323,"gaussian",18,72,-0.869842099266595,0.134899101237918,1
729,0.754508702975116,5,9.14619626614265,"gaussian",46,230,-0.897144619161276,0.331846701712735,7
730,0.627686461869511,3,11.9959432798158,"bubble",36,108,-0.918779269635286,0.505663896896727,5
731,0.677628483590204,5,3.97656805094564,"gaussian",20,100,-0.905529832564931,0.28624724436154,2
732,0.621775667891721,5,10.2066803902597,"bubble",51,255,-0.937169419704663,0.441275224690521,3
733,0.598281193058472,5,9.23155886185355,"bubble",46,230,-0.933845921325099,0.394319145328133,2
734,0.775373207518365,5,12.8935581749375,"bubble",64,320,-0.919936883320271,0.3481939969476,8
735,0.568452693683445,3,8.86414565891726,"bubble",27,81,-0.91375355169132,0.622876038663727,4
736,0.512524010348832,3,6.3949427764467,"bubble",19,57,-0.904931968531082,0.578599287773444,1
737,0.736875828404096,3,8.12887982248562,"bubble",24,72,-0.911021539979359,0.527675089028319,4
738,0.660221894255024,3,10.0805775253568,"bubble",30,90,-0.915218111764614,0.421502458877395,2
739,0.578667468273896,3,3.94407823034562,"bubble",12,36,-0.885187560166073,0.529608275394268,1
740,0.94320258419821,5,10.4772815690609,"gaussian",52,260,-0.829534476373698,0.233152450398508,8
741,0.788108703917707,4,8.47139341808157,"gaussian",34,136,-0.884895701191936,0.288248261828048,4
742,0.85794645518472,4,3.24196723500034,"bubble",13,52,-0.894369303740455,0.407410547736137,3
743,0.504335626369109,3,11.3289244153979,"gaussian",34,102,-0.912249375237183,0.551619467525861,5
744,0.93952878273034,5,5.62075778538128,"gaussian",28,140,-0.860603685028152,0.0776835679158894,5
745,0.692749387223972,4,3.05287786041852,"bubble",12,48,-0.898100376501306,0.481685602848906,2
746,0.874342601259239,5,7.38214924461441,"gaussian",37,185,-0.868842266358494,0.252891300661353,5
747,0.675338334827567,5,7.78078464513179,"gaussian",39,195,-0.909555778564332,0.337408851958623,4
748,0.706324996227166,4,9.2582813480543,"gaussian",37,148,-0.900229460565529,0.30166186196371,3
749,0.887498054474243,3,7.8422825861373,"gaussian",24,72,-0.844364364884187,0.296099711717823,5
750,0.712402919955901,5,12.3207512880932,"gaussian",62,310,-0.903076160612971,0.334102085806342,8
751,0.862392120613251,4,6.23210812158883,"gaussian",25,100,-0.872055382748927,0.289231812786162,3
752,0.804607187487651,4,5.18609831454931,"gaussian",21,84,-0.886238871381497,0.334119043581482,3
753,0.758591542502516,5,5.10349890975282,"bubble",26,130,-0.920765772317521,0.411904358148211,3
754,0.920474659734056,5,4.59527084142901,"gaussian",23,115,-0.87186741626445,0.0571985755468883,3
755,0.867814461310743,4,6.11930439306889,"gaussian",24,96,-0.870047168431179,0.274902492792946,3
756,0.721384716014843,5,8.25006146632135,"bubble",41,205,-0.932861578422736,0.397998982533492,3
757,0.858393606749712,5,12.525047309401,"gaussian",63,315,-0.854572330468883,0.273664575207733,7
758,0.786435515902005,3,9.50831484550145,"gaussian",29,87,-0.876744949842373,0.405596065796168,4
759,0.619084946841584,5,8.30635445231106,"bubble",42,210,-0.933282345669605,0.303272850602001,1
760,0.53919076499471,4,8.37252129377797,"gaussian",33,132,-0.918673352853117,0.399389520094964,3
761,0.810930566011695,4,7.27694905003998,"gaussian",29,116,-0.880459208889634,0.299236900118704,3
762,0.748530895891483,4,12.5805361823109,"bubble",50,200,-0.913961900219916,0.246956079362388,2
763,0.773343307778006,4,7.73824152659858,"gaussian",31,124,-0.889938407631698,0.281448193996948,3
764,0.929413029855001,5,12.4098055437231,"gaussian",62,310,-0.822059047658325,0.234220790232322,9
765,0.662672581901774,5,9.3448861599341,"gaussian",47,235,-0.912533347355355,0.326114973715449,5
766,0.893201464512851,4,4.297816875563,"bubble",17,68,-0.904701742414894,0.471154824487027,3
767,0.832908961975714,4,6.41804341993993,"bubble",26,104,-0.908381615028995,0.5309818551806,6
768,0.742456480631256,3,5.91263759646099,"bubble",18,54,-0.895236050891298,0.666287943021876,6
769,0.875136817181599,5,6.14713888870319,"bubble",31,155,-0.919862355513271,0.534339494658301,7
770,0.947062702425872,3,5.00595641667023,"bubble",15,45,-0.884769328887232,0.613634051212481,4
771,0.615644301819732,3,7.57198856477393,"bubble",23,69,-0.911903838713147,0.465728336442259,2
772,0.658687750765355,5,9.21617917682277,"gaussian",46,230,-0.913528475344883,0.326301509241987,5
773,0.879265898393001,5,4.26254069041228,"gaussian",21,105,-0.882035225157009,0.0886891639816856,1
774,0.943685311151319,3,3.59701947634108,"bubble",11,33,-0.87044060472219,0.544497201967102,3
775,0.648370029896148,3,9.35428240380017,"bubble",28,84,-0.916830455591127,0.487315584195354,1
776,0.915951041037915,3,9.60271986873355,"bubble",29,87,-0.901953895297177,0.646871290486688,8
777,0.908546491472749,5,3.1077024746337,"bubble",16,80,-0.909274622605406,0.426250635916568,4
778,0.927727181703784,4,6.87199060282903,"gaussian",27,108,-0.852048005286438,0.225334916059013,4
779,0.811092422568705,3,5.4931065335637,"bubble",16,48,-0.891198638596022,0.579464134305579,4
780,0.733680697612115,5,9.17699655760545,"gaussian",46,230,-0.901214857323385,0.320400203493302,6
781,0.751274078465533,3,4.41850766246906,"bubble",13,39,-0.886692914506991,0.566372731897575,2
782,0.882074511606945,3,4.85333493691403,"bubble",15,45,-0.883353154722058,0.710683398338138,5
783,0.651706455901032,3,11.1769813541463,"bubble",34,102,-0.915944947062745,0.528709513311853,4
784,0.750761972962995,4,10.4097385039204,"gaussian",42,168,-0.892393210681702,0.343377988807868,7
785,0.879535626058932,3,3.58657383753918,"bubble",11,33,-0.874160020809629,0.529557402068849,2
786,0.764394146620063,3,8.83162700224901,"bubble",26,78,-0.90623799871429,0.632881125996269,7
787,0.625250625064247,3,10.8988708095765,"bubble",33,99,-0.916604986619803,0.53800237408852,4
788,0.907436492935871,5,4.21171037151478,"gaussian",21,105,-0.876668037059119,0.0547057826013227,2
789,0.779817192527815,4,4.80085138807539,"bubble",19,76,-0.908080832725117,0.501831439715109,5
790,0.938837237237021,4,4.53833718907786,"bubble",18,72,-0.901099965465908,0.391487196879769,2
791,0.583203173937625,3,10.6965502108401,"bubble",32,96,-0.920054200214103,0.420976767848058,2
792,0.835492360703298,5,4.39942011595704,"bubble",22,110,-0.912902183719701,0.419857554688825,5
793,0.999536491352599,4,7.02445441035554,"gaussian",28,112,-0.81241757304914,0.0241478717992199,1
794,0.70029912105517,3,4.63629734639311,"bubble",14,42,-0.89128673720381,0.621502458877395,2
795,0.526321949143428,4,7.35712709810352,"bubble",29,116,-0.924235878370941,0.410191622859081,2
796,0.559416711181402,4,6.56046727083623,"bubble",26,104,-0.922492796846789,0.380464643038833,1
797,0.849445490242797,4,5.85450555011164,"gaussian",23,92,-0.877103697704873,0.308411056469391,4
798,0.511926935009193,3,12.2870982147031,"bubble",37,111,-0.924270249422278,0.524249618450059,1
799,0.757177066190867,5,7.66462561108638,"bubble",38,190,-0.930100131796081,0.436730540953027,5
800,0.628290239356691,3,4.31646199416136,"bubble",13,39,-0.887430149512935,0.595489231812786,2
801,0.647932345562265,5,9.96885566349374,"bubble",50,250,-0.935569539519538,0.40513820586739,2
802,0.697704249576549,4,10.4402293359581,"gaussian",42,168,-0.90210009692062,0.326640664744785,4
803,0.954212021353305,3,8.42321917284047,"gaussian",25,75,-0.81603650288657,0.166813634051212,4
804,0.671561565610464,3,5.33920696370304,"bubble",16,48,-0.89575863179788,0.644734610819061,4
805,0.999065121531719,4,11.5287105986965,"gaussian",46,184,-0.736816572009901,0.0376462608105817,4
806,0.552256599634653,4,8.54514479121426,"bubble",34,136,-0.92821842512666,0.342784466677972,1
807,0.586452972539468,3,11.5945198743488,"bubble",35,105,-0.920136438281371,0.419416652535187,3
808,0.72582116526959,4,8.11551883804146,"gaussian",32,128,-0.898109548339926,0.291826352382567,3
809,0.831415977515513,3,11.4243514677859,"gaussian",34,102,-0.855413399634208,0.373901984059691,6
810,0.766079868343309,4,11.5782475362485,"gaussian",46,184,-0.88802743496281,0.343700186535527,8
811,0.735783203715342,3,4.18994878546335,"bubble",13,39,-0.8874948424143,0.640919111412583,2
812,0.924455861130031,4,8.34341671510832,"gaussian",33,132,-0.844950771045491,0.228489062235035,5
813,0.533962141153752,3,10.1802698482294,"bubble",31,93,-0.920135798468422,0.540579955909785,1
814,0.715352940615034,4,6.60238404033706,"bubble",26,104,-0.917124543674719,0.437646260810582,4
815,0.518045082237222,4,12.2243403298385,"bubble",49,196,-0.931800666466962,0.393589960997117,2
816,0.740211831614259,4,3.80363265142776,"gaussian",15,60,-0.88626606332045,0.238646769543836,1
817,0.910027774072252,3,5.42714045139728,"bubble",16,48,-0.888283777029972,0.568780735967441,4
818,0.756693276158301,4,4.06490214021411,"gaussian",16,64,-0.889274339829941,0.283110055960658,1
819,0.799320222920272,4,11.9675580152846,"gaussian",48,192,-0.879220738314762,0.339223333898592,7
820,0.764603723417618,5,4.22306618448813,"gaussian",21,105,-0.896422230178492,0.173494997456334,1
821,0.909383961743908,4,10.9996478828229,"gaussian",44,176,-0.832684153704033,0.249194505680855,7
822,0.895458131831838,5,9.39976647626376,"gaussian",47,235,-0.853739936824406,0.266796676276073,7
823,0.836094431878068,5,6.15653694337234,"bubble",31,155,-0.921965182421335,0.527725962353739,6
824,0.80511870280141,5,6.65550565287704,"gaussian",33,165,-0.888176077744317,0.297235882652196,5
825,0.955005174878519,5,9.73108966104686,"gaussian",49,245,-0.826553904619222,0.184941495675767,8
826,0.981402452506707,5,7.8118954605097,"bubble",39,195,-0.892892640112244,0.4,8
827,0.580196905240882,4,8.69796331797959,"bubble",35,140,-0.926628746783181,0.339121587247753,2
828,0.802063644203125,3,8.73285950621357,"bubble",26,78,-0.905492385091064,0.603238935051721,7
829,0.716450952319079,5,11.0911894855974,"bubble",55,275,-0.923148358964132,0.330354417500424,6
830,0.805615405021468,4,5.24211978597101,"bubble",21,84,-0.911165509229004,0.519145328132949,4
831,0.902557038482279,5,5.26344927861821,"bubble",26,130,-0.917839191284143,0.459233508563676,4
832,0.887666216513142,4,12.9792452769587,"gaussian",52,208,-0.833800844329372,0.28095641851789,9
833,0.847994227706222,5,10.6016097853729,"gaussian",53,265,-0.865001661615019,0.317890452772596,9
834,0.725322757822461,4,8.229024694236,"gaussian",33,132,-0.897462318067383,0.292623367814143,4
835,0.828671144252061,3,3.22434505726211,"bubble",10,30,-0.873531170799,0.5447515685942,1
836,0.59780046132789,3,7.43496429040795,"bubble",22,66,-0.907599611326516,0.411209089367475,1
837,0.676526581918471,3,6.78704114070395,"bubble",20,60,-0.903295385992239,0.602289299643887,4
838,0.906572325682035,3,7.25821257988457,"bubble",22,66,-0.89790798131037,0.59306426996778,6
839,0.8117712883309,5,10.3062089377851,"gaussian",52,260,-0.882218401418669,0.319213159233509,7
840,0.820345570235746,3,3.15002427378437,"bubble",9,27,-0.867101104050433,0.589147023910463,2
841,0.610052106816089,5,8.45066226640483,"bubble",42,210,-0.931544986325349,0.426759369170765,4
842,0.938124436309095,3,7.0925965293753,"bubble",21,63,-0.884320205313256,0.595845345090724,6
843,0.837515638868557,5,3.71255275905598,"gaussian",19,95,-0.887515703381246,0.10003391555028,1
844,0.604406964344555,4,11.8064960073959,"bubble",47,188,-0.930462805278765,0.296998473800237,2
845,0.916229628895293,5,3.06402605411597,"bubble",15,75,-0.909317133401489,0.475546888248262,4
846,0.944963897691458,5,12.109845057663,"bubble",61,305,-0.902014518363349,0.522689503137188,14
847,0.605019472422311,4,7.51830166240688,"bubble",30,120,-0.925536833791129,0.351924707478379,1
848,0.818430001656059,5,8.97878314103698,"gaussian",45,225,-0.879558175497536,0.313532304561641,8
849,0.89855056247639,3,4.03772896531737,"bubble",12,36,-0.877317398971689,0.57419026623707,3
850,0.865435578994919,3,4.44673429713817,"bubble",13,39,-0.879622642812295,0.596320162794641,3
851,0.726227491232334,4,12.3968723039702,"bubble",50,200,-0.917127488434707,0.0972019671019162,1
852,0.645973195865401,5,9.91006775789429,"bubble",50,250,-0.937616812844104,0.337086654230965,1
853,0.817386234116624,4,10.362318920258,"gaussian",41,164,-0.874187279664274,0.291622859080889,5
854,0.782065438976977,4,6.66410301815253,"bubble",27,108,-0.915204142583336,0.412972697982025,4
855,0.93020780970552,5,4.36591626466019,"bubble",22,110,-0.911808253971435,0.453026962862472,8
856,0.772492204592214,4,8.81487759897718,"bubble",35,140,-0.922671006803022,0.394268272002713,3
857,0.578331670719432,4,7.89890937547199,"bubble",32,128,-0.927269189824998,0.380295065287434,1
858,0.635784509149264,4,8.99137339106295,"bubble",36,144,-0.925910844731994,0.414210615567238,3
859,0.987019812393002,3,12.0707318364712,"gaussian",36,108,-0.729218545556061,0.0758351704256402,4
860,0.745606794922729,5,11.2895784176001,"gaussian",56,280,-0.897202929135649,0.340546040359505,10
861,0.987593098420184,5,3.49196175175253,"gaussian",17,85,-0.868386664773635,0.0275224690520604,1
862,0.732129239181639,5,8.96196839243406,"bubble",45,225,-0.928006134976335,0.4690181448194,6
863,0.57030781478167,3,7.61168029324617,"bubble",23,69,-0.906702926474397,0.604459894861794,6
864,0.768243979186169,4,10.7635142101045,"gaussian",43,172,-0.888333569476074,0.356316771239613,8
865,0.547680430607405,3,10.7467367224651,"bubble",32,96,-0.919440471774437,0.532474139392912,3
866,0.951100256046862,4,11.7332824089681,"gaussian",47,188,-0.801720456231834,0.200169577751399,7
867,0.522210139179952,3,7.69771997685311,"bubble",23,69,-0.913092575438145,0.426098015940309,1
868,0.540582861369476,3,10.4565000755992,"bubble",31,93,-0.918824386353348,0.503171103951162,1
869,0.959155078751617,3,7.48907692053122,"bubble",22,66,-0.890311891917934,0.678480583347465,8
870,0.573186948296032,3,9.15638356510317,"bubble",27,81,-0.91568017368797,0.40517212141767,1
871,0.605589866011171,3,10.1211734516476,"bubble",30,90,-0.916954242926255,0.607715787688655,2
872,0.889739822572912,3,10.8629808237287,"bubble",33,99,-0.905000564082975,0.645446837374936,8
873,0.812475440922892,5,6.76567592444364,"bubble",34,170,-0.92698103033489,0.502204510768187,5
874,0.729088059289847,5,10.982398542338,"gaussian",55,275,-0.900729493781016,0.339138545022893,8
875,0.701139534282847,5,12.0823356264387,"bubble",60,300,-0.929214179428835,0.267898931660166,2
876,0.953889329188853,5,3.64453130891314,"gaussian",18,90,-0.874627431422808,0.0431405799559098,1
877,0.710425449733972,4,9.90983238966204,"bubble",40,160,-0.924648811161619,0.448702730201798,5
878,0.932764587427024,3,6.12347942010034,"bubble",18,54,-0.881774430248495,0.711039511616076,7
879,0.751986109014251,5,10.5997327926848,"bubble",53,265,-0.925281937972648,0.309411565202645,3
880,0.902324683491257,4,9.01849932793295,"bubble",36,144,-0.891586982910311,0.327810751229439,6
881,0.741220197066897,3,7.56236036024056,"bubble",23,69,-0.908308431174096,0.59491266745803,5
882,0.760081893159309,4,4.17485175535549,"bubble",17,68,-0.905014573879483,0.486569442089198,3
883,0.924991944521083,4,11.6082260095957,"bubble",46,184,-0.902892042839714,0.466508394098694,9
884,0.732600997184054,5,12.7421362049947,"gaussian",64,320,-0.89931059299703,0.33798541631338,10
885,0.752756721477723,5,3.88510812112596,"bubble",19,95,-0.917477255225665,0.392182465660505,2
886,0.754007896711933,5,7.44692416657694,"gaussian",37,185,-0.897834080127485,0.319230117008648,5
887,0.851474532166263,3,11.7735024615866,"bubble",35,105,-0.904018426840592,0.669492962523317,9
888,0.682140849234653,5,12.7300134960515,"bubble",64,320,-0.929467515221461,0.310717313888418,3
889,0.660602439272916,5,11.8850431099604,"bubble",59,295,-0.927202271617257,0.24821095472274,2
890,0.989544453221024,4,9.72395352714695,"gaussian",39,156,-0.787084182828717,0.0672036628794302,6
891,0.911708907918655,3,5.25961755774915,"bubble",16,48,-0.893277910199136,0.57235882652196,3
892,0.618813618811197,4,9.1313076654938,"bubble",37,148,-0.926269432026266,0.307257927759878,1
893,0.634173157874728,3,10.372379952583,"bubble",31,93,-0.915822173296123,0.546447346108191,3
894,0.792394962529186,3,5.23739782894729,"bubble",16,48,-0.893666144609533,0.665185687637782,6
895,0.993162147214869,3,12.3499275302445,"bubble",37,111,-0.859586521451883,0.771053077836188,13
896,0.812628668847028,3,5.71735512839863,"bubble",17,51,-0.894604885613969,0.575665592674241,3
897,0.756320239648339,4,8.09288380069425,"bubble",32,128,-0.920458642906623,0.409954214007122,3
898,0.813165509318816,4,5.17687651530374,"bubble",21,84,-0.905724135008218,0.402136679667628,3
899,0.885668489455478,3,7.58312615551753,"bubble",23,69,-0.898731611082666,0.585653722231643,7
900,0.871816097534611,4,6.5087428338523,"bubble",26,104,-0.911432747170432,0.533610310327285,5
901,0.844112981710816,3,10.1579066117993,"bubble",30,90,-0.90484876412718,0.582669153807021,8
902,0.880685324960155,5,4.37298932875041,"bubble",22,110,-0.914308734174504,0.434254705782601,6
903,0.948577844466781,3,11.8981328745512,"bubble",36,108,-0.882443235025431,0.683076140410378,11
904,0.83094694272778,5,4.13822950702626,"gaussian",21,105,-0.88797644322668,0.12070544344582,1
905,0.843956203152542,5,8.10277494159993,"bubble",41,205,-0.917380217469617,0.296404951670341,2
906,0.984913734912989,5,10.6355582320411,"gaussian",53,265,-0.790283833633828,0.0798032898083771,8
907,0.978944905455341,5,9.18243533366826,"bubble",46,230,-0.884240760723037,0.371714431066644,10
908,0.797663922459236,5,12.2570767144719,"bubble",61,305,-0.922168810456095,0.311683907071392,4
909,0.828450371888117,3,12.605023497073,"bubble",38,114,-0.91032538605249,0.643598439884687,9
910,0.69179732941254,5,11.7664886221103,"bubble",59,295,-0.927342558184608,0.219603188061726,1
911,0.711311226039426,4,6.94886130931321,"bubble",28,112,-0.918590685429887,0.397575038154994,3
912,0.609096844384098,4,9.32572690662229,"bubble",37,148,-0.923547081673775,0.518433101577073,5
913,0.818543421972427,5,5.29658207078464,"gaussian",26,130,-0.889991960847967,0.217720875021197,3
914,0.907795028971625,5,6.93227404342033,"bubble",35,175,-0.904958439781652,0.389011361709344,6
915,0.988060638328665,5,8.27416098481277,"bubble",41,205,-0.884603145884883,0.391894183483127,10
916,0.858819949410623,5,9.56352336881449,"bubble",48,240,-0.914223588600064,0.372545362048499,7
917,0.990780810510158,3,8.44823956377106,"bubble",25,75,-0.86953341628679,0.780566389689673,10
918,0.868970524580684,4,8.17095849760575,"gaussian",33,132,-0.862272327944046,0.283686620315415,5
919,0.994098254528828,4,8.32853130574338,"gaussian",33,132,-0.804202779029444,0.0395964049516703,4
920,0.810098868153873,3,7.93196571404813,"bubble",24,72,-0.904617475899076,0.652823469560794,7
921,0.837290086974041,3,6.61402587299934,"bubble",20,60,-0.895995226921425,0.443734102085806,3
922,0.934443420336815,4,9.27358883072855,"gaussian",37,148,-0.833413128233796,0.212633542479227,6
923,0.709817040021881,5,12.693579328591,"bubble",63,315,-0.924456700654743,0.406630490079702,6
924,0.75820617009839,5,11.7532879041927,"bubble",59,295,-0.925528789900953,0.347736137018823,4
925,0.64729595082975,4,10.5645297126612,"bubble",42,168,-0.926162785528049,0.340410378158386,3
926,0.966797004269902,4,7.90786500053015,"bubble",32,128,-0.880665173553398,0.3895879260641,5
927,0.707095115557546,4,8.28763128859224,"bubble",33,132,-0.923269272793157,0.4620484992369,4
928,0.997650027331314,4,11.0738000524975,"gaussian",44,176,-0.748965539167812,0.0398507715787689,5
929,0.997128192906966,5,8.49583131089108,"bubble",42,210,-0.886403179508968,0.380786840766491,10
930,0.912036858780775,3,11.2334169707051,"bubble",34,102,-0.865193583599832,0.296048838392403,4
931,0.916954767799121,5,10.331719525205,"bubble",52,260,-0.907366627334416,0.408902831948448,9
932,0.92083132982743,3,8.71375565369381,"bubble",26,78,-0.899516980569725,0.648838392402917,9
933,0.816971509325784,5,6.80154021966038,"gaussian",34,170,-0.885470326431808,0.285382397829405,4
934,0.958774393111584,5,6.27935523368884,"gaussian",31,155,-0.850666547202221,0.0532304561641513,4
935,0.886897239925107,4,7.55487184835831,"bubble",30,120,-0.914784624200601,0.535713074444633,7
936,0.842339781304006,5,11.8227894346463,"gaussian",59,295,-0.866677607308556,0.281906053925725,6
937,0.883356515913969,4,11.8787888183026,"bubble",48,192,-0.904692301413013,0.491656774631168,11
938,0.765548852748354,4,5.86002547071781,"bubble",23,92,-0.911037630213862,0.281923011700865,1
939,0.936029113891069,4,8.51152941801585,"bubble",34,136,-0.880580702735417,0.38799389520095,6
940,0.965107413102058,4,9.71820683036931,"bubble",39,156,-0.886372814210395,0.434746481261658,7
941,0.77745777719561,4,10.1645316399448,"bubble",41,164,-0.918468422686029,0.528522977785315,7
942,0.94520554409246,5,6.02869098333642,"bubble",30,150,-0.909440227193379,0.539545531626251,10
943,0.76651750528987,5,12.7144839275628,"bubble",64,320,-0.922597041267369,0.38794302187553,7
944,0.746199434066424,4,8.18565832500346,"bubble",33,132,-0.916878136999381,0.465151772087502,5
945,0.672566163656767,4,9.20828824820463,"bubble",37,148,-0.926649904167078,0.351314227573342,2
946,0.796254397828947,4,6.53251745304326,"bubble",26,104,-0.913580860514037,0.435560454468374,4
947,0.881410687373602,5,7.05589232172118,"gaussian",35,175,-0.868831782789614,0.23447515685942,5
948,0.787359545508283,5,8.13403808594216,"bubble",41,205,-0.927861973411952,0.422282516533831,5
949,0.905643576366361,5,9.98087452710141,"bubble",50,250,-0.908658782484958,0.35519755808038,7
950,0.835783114504069,4,8.6123761427938,"bubble",34,136,-0.920780352708805,0.435458707817534,4
951,0.807395418621483,3,6.67466198691633,"bubble",20,60,-0.902248233952233,0.580345938612854,4
952,0.7144984586098,4,10.3252072236477,"bubble",41,164,-0.926502281473965,0.466338816347295,5
953,0.901376908947364,4,7.2020793372998,"gaussian",29,116,-0.857834313287808,0.24490418857046,4
954,0.743291923572775,4,9.09193195200758,"bubble",36,144,-0.923135835612076,0.492402916737324,5
955,0.946146368014626,5,12.4858712964319,"bubble",62,310,-0.906113985869955,0.515109377649652,12
956,0.790034019581508,4,12.8541996415309,"bubble",51,204,-0.910204010843874,0.494454807529252,10
957,0.799860730113345,5,11.5422255873284,"bubble",58,290,-0.917004387784556,0.504358148210955,8
958,0.777596453679376,5,12.5535565547878,"bubble",63,315,-0.920957443380398,0.34310666440563,7
959,0.848828066491405,5,7.82628145556431,"gaussian",39,195,-0.873783445404447,0.284263184670171,5
960,0.686280063921819,5,8.65233420156874,"bubble",43,215,-0.928523128983439,0.520552823469561,6
961,0.825444736694219,5,10.7800605396181,"bubble",54,270,-0.921645948952309,0.355536713583178,6
962,0.848071853200556,5,12.9971039358363,"bubble",65,325,-0.919684777405575,0.341682211293878,8
963,0.903518756056321,5,7.00622848393861,"bubble",35,175,-0.899816390740437,0.353790062743768,7
964,0.944450358968228,5,7.2827755766199,"bubble",36,180,-0.894467660713272,0.472630150924199,9
965,0.769568878801423,4,9.84991545654135,"bubble",39,156,-0.925492876544411,0.403205019501441,3
966,0.741690925613279,5,9.79532030518632,"bubble",49,245,-0.926030437541621,0.240885195862303,1
967,0.833721586922067,4,12.5072301090392,"bubble",50,200,-0.906399805837789,0.487603866372732,11
968,0.913560964759788,5,9.58107242390281,"bubble",48,240,-0.905247568150482,0.500423944378498,12
969,0.829129635267775,5,9.86402057399275,"bubble",49,245,-0.917180969337563,0.403154146176022,7
970,0.853512709821225,4,12.7892483667843,"bubble",51,204,-0.906785263337509,0.491962014583687,10
971,0.969675795172225,4,10.7131453259685,"bubble",43,172,-0.892188301925122,0.421248092250297,8
972,0.873390751923784,4,12.2442367401067,"gaussian",49,196,-0.844629356552889,0.283957944717653,9
973,0.919793772320962,5,11.0414345814078,"bubble",55,275,-0.907049579976489,0.390384941495676,9
974,0.878681667175726,5,12.9862260144204,"bubble",65,325,-0.902521057524205,0.410242496184501,11
975,0.789991464728257,3,11.7900666019996,"bubble",35,105,-0.91385654080995,0.620603696794981,6
976,0.781070288184448,4,11.112700082236,"bubble",44,176,-0.923716143782613,0.515635068678989,7
977,0.819991301511996,5,9.93722279262729,"bubble",50,250,-0.921160509915486,0.383042224860098,6
978,0.931638962860336,4,11.4946813252335,"bubble",46,184,-0.899924812212121,0.409767678480583,7
979,0.838058713833336,3,7.96226169783622,"bubble",24,72,-0.902222575066683,0.624334407325759,7
980,0.998532760991133,4,12.9289322222304,"bubble",52,208,-0.854390481797923,0.549092759030015,12
981,0.802920174909173,5,9.68392000188818,"bubble",48,240,-0.919959722737224,0.340410378158386,6
982,0.961496407729108,5,10.5246692346502,"bubble",53,265,-0.876827035947161,0.486094624385281,12
983,0.882567853222834,5,8.53149246453308,"bubble",43,215,-0.910210780248426,0.368865524843141,7
984,0.985308575441129,4,11.0518529119203,"bubble",44,176,-0.879593206799894,0.408512803120231,9
985,0.877667735454743,5,12.0482947922894,"bubble",60,300,-0.917153608321932,0.327437680176361,6
986,0.973329762925161,4,9.44796995435841,"bubble",38,152,-0.884983765252299,0.383228760386637,7
987,0.904627173390007,3,8.67774665446719,"bubble",26,78,-0.897413488849948,0.634797354587078,9
988,0.937080240700394,4,12.703353975513,"bubble",51,204,-0.895898663119728,0.459877904018993,10
989,0.865871794446372,4,10.311414803341,"bubble",41,164,-0.899507215641194,0.340562998134645,5
990,0.90314478344901,4,9.3842594393855,"bubble",38,152,-0.899644299437192,0.483177887061218,11
991,0.994638223230373,5,12.3617848388734,"bubble",62,310,-0.876744495391281,0.44651517720875,11
992,0.797145277490723,4,10.3884103601403,"bubble",42,168,-0.922724687284549,0.296998473800237,1
993,0.840365776509978,4,11.456996834348,"bubble",46,184,-0.909058352130187,0.315889435306088,4
994,0.854077913125628,4,9.94572207914898,"bubble",40,160,-0.905245183604346,0.370510429031711,5
995,0.921845799873816,4,10.3562173354346,"bubble",41,164,-0.891882951827938,0.390266237069696,7
996,0.873834745503031,4,10.0496798439906,"bubble",40,160,-0.898455489266726,0.354536204849924,5
997,0.908302171605174,5,11.5548077345197,"bubble",58,290,-0.906948094954512,0.40179752416483,10
998,0.880053827996017,4,11.5633358465601,"bubble",46,184,-0.909014204518555,0.329014753264372,5
999,0.949964635213721,4,10.9166891524289,"bubble",44,176,-0.891419562984176,0.42764117347804,9
1000,0.991963384651346,4,12.1842965919012,"bubble",49,196,-0.870477996898438,0.557062913345769,12
