"2027","2028","2029","2030","2031","2032","2033","2034","2035","2036","2037","2038","2039","2040","2041","2042","2043","2044","2045","2046","2047","2048","2049","2050","2051","2052","2053","2054","2055","2056","InitStorage"
0.343102896431658,0.407168432435636,0.442537952483469,0.513846324397807,0.536751896981505,0.553199464633503,0.528833524632897,0.561625203082726,0.583205993787778,0.591762510404071,0.626434027070763,0.659332988486693,0.659506516609059,0.639632379667911,0.664835505990344,0.660767795771114,0.657294868460558,0.673495345063398,0.648489672688474,0.663468929676739,0.658925357405336,0.659606827762579,0.676755637665239,0.641647734603851,0.642742691001861,0.640774101992839,0.638563731810274,0.635612597498331,0.638682833536102,0.638331473498207,0.339247758939842
0.323823447717785,0.380734492433254,0.411819527879979,0.477796603575463,0.500460611292559,0.515230030878728,0.4916107649219,0.520772665877855,0.542256674555285,0.549931057483539,0.582071660457579,0.612931729648531,0.614145382570381,0.593697422341067,0.617751990430034,0.613776649062394,0.610419080131557,0.625469995551129,0.600622057135167,0.615052171182546,0.610323710147488,0.610710204453245,0.627761894566459,0.59616064397415,0.598285873966593,0.595631538877841,0.593849904031961,0.59143287793128,0.594401726856967,0.593227625478098,0.336769283544214
0.301215564623965,0.352145822685286,0.377692622190297,0.438329793657219,0.460017951076284,0.473097191570641,0.450945466422671,0.476549314076658,0.497609914909195,0.504436908190119,0.533765131214851,0.562154557438122,0.564190701614026,0.543346639737922,0.566173305791936,0.562318385374426,0.559132168734303,0.573059430947134,0.548455596841437,0.562104759998788,0.556915463415905,0.557061404654425,0.57378708459635,0.546079404809295,0.54919007835349,0.545798122532088,0.544339733080982,0.542582161416913,0.545519360745438,0.543534479609173,0.339530375340544
0.28561463493486,0.335208994951769,0.357925708279112,0.416078725060823,0.436326458870672,0.448519208405918,0.427897275807375,0.452001339294273,0.472836512652242,0.47897914150297,0.506641851835169,0.533524384290176,0.535684570206504,0.514760568090454,0.536969254426926,0.533322116476381,0.529957274628289,0.543304180639434,0.518900312075688,0.532077602678832,0.526523874309948,0.526613586331022,0.542871171347509,0.517317726610529,0.520934857268892,0.517157848034526,0.515782971276125,0.514433127274225,0.517475210732082,0.51503820403894,0.340198186093096
0.272326849978368,0.321243300613536,0.341636960859297,0.397866227320594,0.416592309651084,0.427626323885867,0.408506228526449,0.431381481488328,0.45207202027473,0.457548903461038,0.483731767213346,0.509396160802559,0.511681745740398,0.4906928932526,0.512292841903262,0.508991998127044,0.505214207718883,0.518048203572333,0.493857482614586,0.506588568106452,0.500962920993138,0.501141282704014,0.516968295473391,0.493161944464417,0.497203948076039,0.493146040076738,0.491864307387387,0.490858418335475,0.494040786713238,0.491211795363456,0.340309072469851
0.261008006484315,0.309571358047849,0.327516763904264,0.381890541218506,0.399104724044686,0.408873868945759,0.390850019879614,0.412551762814535,0.433093068825604,0.438047462816642,0.462778045840684,0.487422873222916,0.489813968078409,0.468810354292209,0.489668456582469,0.486759413402138,0.482504880276581,0.494712787608136,0.47059638371474,0.482980025603232,0.477370408260875,0.477666938621172,0.493249588037293,0.471087769691669,0.475555960865115,0.471307078185118,0.470149557251325,0.469436775632004,0.472683800184445,0.469408779517484,0.340080900656957
0.251622103291772,0.299360482019448,0.314998085372174,0.367444166246167,0.383506178773301,0.392329385200005,0.374916130427854,0.395543966773251,0.415993291528174,0.420340155678336,0.443721786949572,0.467596999478944,0.470072658835732,0.44910486628875,0.469211621352665,0.466617777515875,0.462021525904756,0.473588452122398,0.449508106660375,0.461684919239595,0.45612888842787,0.45647321205607,0.471912001548895,0.45125955495903,0.456139041650495,0.451714928757626,0.450748489360663,0.450265157793418,0.453571165720617,0.449792128117963,0.339628642437153
0.244225747584129,0.289969491071603,0.303269166899888,0.353940503313345,0.369213971780891,0.377170138023306,0.360259777864135,0.37992929135257,0.40027404448552,0.40392666034409,0.426111451034676,0.449185112090795,0.451807757875263,0.430826192292874,0.450187274623013,0.447779374316147,0.442934493128014,0.45392726640471,0.429929060443194,0.441969314527398,0.436524429858542,0.436983408518164,0.452264811408607,0.432953151874789,0.438123596457701,0.433520191757124,0.432785939927035,0.43245644722725,0.435879358140502,0.431616100703799,0.339002494754964
0.2374203912098,0.281084518718511,0.291787343991058,0.340934194793312,0.355482875099607,0.362494827012193,0.346181507647276,0.365038409730878,0.385108041369853,0.388199747989602,0.409287569270806,0.431576681584288,0.43429069899076,0.413338042171939,0.431927299276352,0.429624916527776,0.424586740687403,0.434950835366359,0.411026645356448,0.422856060135823,0.417572872251472,0.418149843301425,0.43322999009187,0.41518811622826,0.420546171508213,0.415764874652735,0.415223487131361,0.415028949897308,0.418538316523118,0.413791102934264,0.338167863238251
0.230261319817873,0.272396761973318,0.280780523798863,0.328296427949601,0.342078879061494,0.348268435098147,0.332562011738411,0.35050332955241,0.370195280560917,0.372880704089719,0.392895168173,0.414425326161684,0.417266814928035,0.39635193947316,0.414147991309487,0.411851653011748,0.406585033524825,0.416247579215825,0.392348138342432,0.403936040283485,0.398720758669997,0.399302276061989,0.414161669014002,0.397334455790887,0.402885155909069,0.397867495399367,0.397526538643581,0.397498640380229,0.40099745136116,0.395768107377176,0.337517102631045
0.222706213542794,0.263306264920626,0.269960197246509,0.315723689331644,0.328557650165464,0.334178048730144,0.318980040964145,0.335976401313166,0.355311668206675,0.357485496394415,0.376440094926233,0.397194891626316,0.400164947339558,0.379288145042872,0.396232632731237,0.39391169778748,0.388440731001713,0.397441024490127,0.373443618748016,0.384808663129847,0.379498722154806,0.380033002352635,0.394546322261178,0.378923372980195,0.384708742180308,0.379336135136307,0.379224347715875,0.37934197643934,0.382843256476405,0.377169540183991,0.337110694372409
0.214634204674897,0.25354192654317,0.258512442677659,0.302619920713597,0.314566739307638,0.319550270790566,0.304885404251811,0.320963568949857,0.339904968340287,0.341382150899423,0.359283659670459,0.379137033928527,0.382166212592575,0.361218065462119,0.377309002824793,0.374901432752723,0.369340045616561,0.377749108672159,0.353619412250974,0.364719317555554,0.359310285712843,0.359850833842489,0.373865764249625,0.359476758683917,0.365471014277743,0.359694050234353,0.359850226968263,0.360054164103698,0.363609549969267,0.357585850170051,0.33702190532571
0.205754929639525,0.243159737547211,0.246386681400244,0.288910330801511,0.300003634541026,0.304037358182823,0.290020579745988,0.305164547046834,0.323670596588223,0.324455653903916,0.341296098849601,0.360022427566884,0.363096744423221,0.341898143417398,0.357016642007692,0.354535563136085,0.34881957425036,0.356613545502853,0.332391391541274,0.343163979768006,0.337704287208867,0.338286117094659,0.351773145841501,0.338625430004444,0.34488678024587,0.338726874527908,0.339195838226092,0.339477362181484,0.343096891806949,0.336791361963516,0.337384118561391
0.196430431407981,0.232733282696647,0.234465843680591,0.27509948581692,0.285157020663908,0.288212383218567,0.274763277129698,0.288693078072332,0.306700700833114,0.30684378986885,0.32248690679288,0.339976830577787,0.343054431228375,0.321549565402439,0.335610509184854,0.333062204915598,0.327052990718235,0.334197152597,0.309924725426484,0.32022166297857,0.31470317875094,0.315273957911326,0.328303868571511,0.316527130763795,0.323167787618049,0.316606300540414,0.31737502067883,0.317790249832964,0.321460070073041,0.314848090857927,0.33789394958098
0.185612024417199,0.220716953340042,0.220296865697781,0.258346553649428,0.267323168036736,0.269599138703031,0.256682164436898,0.268904543591841,0.286398038577667,0.285633491311227,0.299920246258422,0.315995519850118,0.319134977180633,0.297222594190572,0.310278985594204,0.30764571196744,0.301151312833225,0.307490164785341,0.283092878894803,0.29276710600714,0.287149180216426,0.287680417126328,0.300262603255185,0.290284386094963,0.297447026885211,0.290427422284787,0.291519164501885,0.292170238139045,0.295886631722936,0.288868351547588,0.339329590384587
0.168771191716681,0.201171224705495,0.196055135750497,0.229737898160681,0.237276802253123,0.238202906765571,0.226049306804563,0.235827987200011,0.252607530614701,0.250517991198426,0.262733073115817,0.276659636044037,0.280182210843256,0.257616136220992,0.269422119289447,0.26651451207197,0.258889831166517,0.263663398923543,0.238910852175362,0.247660955002283,0.241906077582898,0.242448275085651,0.254279560906484,0.247420859168818,0.255325454018632,0.247609392637281,0.249014636835392,0.250063867497857,0.253639029249366,0.24550460070578,0.340545763818356
0.157015370179687,0.187445175755485,0.178839385329891,0.209331358963605,0.215867463765104,0.215630522388423,0.204107586727869,0.212231703567097,0.22851082262132,0.2256752700377,0.236467348537308,0.24890709209276,0.252819448793005,0.229809529763676,0.240775945465207,0.237628358168195,0.22908146820233,0.232680046373255,0.207665466095543,0.215766132096525,0.209920801108812,0.210471087967023,0.221743283788193,0.217095530879519,0.225446374006807,0.217235138291327,0.218763380082655,0.220090135839845,0.223483499195197,0.214373013393574,0.334474390631948
0.347913975662217,0.413749813496496,0.449968665454711,0.522567867975216,0.545576413603683,0.56245292673882,0.53789383548817,0.57161809532282,0.593207212522954,0.602053772681467,0.637368029644378,0.670752898939715,0.67069315011412,0.650989336497222,0.676490558015334,0.672393461266175,0.668968182563059,0.685483519478001,0.66046581740913,0.675583588439912,0.671069848256272,0.671831107090399,0.689044850767633,0.65310471629555,0.653938090195521,0.652155885795587,0.649840394965301,0.646776576764954,0.649862344070239,0.649749446832293,0.400485178651461
0.334768325546216,0.395455992868752,0.429051245678512,0.497953944382742,0.520881658350828,0.536586415715476,0.512497903204596,0.543661516779479,0.565269247253062,0.573457978125601,0.607034405856651,0.6390631646882,0.639741355679248,0.61958674320428,0.644309702709379,0.640283561557337,0.636891778011012,0.652584315548204,0.627653555297016,0.642444588079484,0.63784041812485,0.63837637210104,0.655544167022546,0.621976185087248,0.623563574649464,0.621313730738289,0.619305031661398,0.61658124171367,0.619598770546967,0.618896356524039,0.392182361132563
0.310559617994561,0.3633176283737,0.391088943599862,0.453748815122197,0.476026730633263,0.489782353424049,0.466929950769899,0.49382088874463,0.515096170938678,0.522301102462605,0.552762642580287,0.582173158431028,0.583984118445236,0.563262559082775,0.586599063523953,0.582691165255664,0.579499909143986,0.593885952828534,0.569206694802936,0.583196346572847,0.578235672200205,0.578461338347789,0.595387780954578,0.566148603449722,0.56889993229079,0.565819341511897,0.564269474308113,0.562263976940825,0.565210911493406,0.563566882830204,0.394326760230691
0.292573604940218,0.342732018756312,0.366633136816678,0.425880247805555,0.446838477501627,0.459522706094631,0.438192438706885,0.462966113676036,0.48389717272329,0.490393789553282,0.518823552841367,0.546420472512552,0.548548011430069,0.52769089750659,0.550223883743242,0.546481367417801,0.543258110117239,0.556890382198767,0.532401346886777,0.545801201547469,0.540392189601894,0.540497445572871,0.556994573422842,0.530490934165764,0.53388542864908,0.530289948405417,0.528882018139746,0.527376022588171,0.530362806411907,0.528158849798806,0.396015163015872
0.278416233508118,0.327739423190945,0.34933724485089,0.406519102809818,0.425978870228095,0.437628723019099,0.417829217274247,0.441347607764137,0.462157278620547,0.467938934951955,0.494842056606816,0.521112067821382,0.523330260020196,0.502403221978233,0.524351638350604,0.520895537084646,0.517345354938723,0.530464634615516,0.506189309297754,0.519160892460148,0.513551866191646,0.513691897604459,0.529726737824791,0.50508201829228,0.508932244455921,0.505016714207722,0.503684973591607,0.50252464411883,0.505659888940042,0.503054847795003,0.396155369260199
0.26631190070304,0.315079169945944,0.334220010893532,0.389513250381436,0.407450910620621,0.41774440078684,0.399298897918662,0.421570244067171,0.44220603253596,0.447431108140062,0.472865245193471,0.497984581457588,0.500338373239021,0.479338270233051,0.500577387432561,0.497517848258683,0.493487017949052,0.506031439092,0.481919718503053,0.494473676672578,0.488885532364425,0.489159226942571,0.504870764752567,0.481916638099797,0.486193825662309,0.482067107792981,0.480852259370775,0.480008955095648,0.48324674560251,0.480220790998316,0.395981293924346
0.255993120542029,0.304282461996616,0.321002933613354,0.374387476742243,0.390939267775913,0.40017255753856,0.382487471245924,0.403634347735337,0.424138730350512,0.428824959565808,0.452829359465839,0.477088544050983,0.479522830052784,0.458567599978672,0.479038549699527,0.47634711867989,0.471902632440044,0.483769617239908,0.45968599341128,0.471974533621927,0.466413324486683,0.466749117500003,0.482295994737376,0.460940813531346,0.465647234439803,0.461347149734221,0.460285094855094,0.459716055332276,0.462999372439247,0.459473275313821,0.395527514250888
0.247728483671022,0.294505406251375,0.308908832067094,0.360401523740074,0.376050173237744,0.384478498793977,0.367284719385245,0.387394685103223,0.407813169134525,0.41180846904738,0.434539533838195,0.458054624150568,0.460620468171114,0.439683155850933,0.459424423950462,0.456948330880671,0.452236129844523,0.463514356172702,0.439483988615758,0.451616030492232,0.4461334870994,0.446537961657783,0.461937167520809,0.442003315324404,0.447048263612412,0.442554463506119,0.441723043204528,0.441341478384617,0.444724540135836,0.440702030230784,0.394949472597332
0.240787846402855,0.285323922311851,0.297216528693978,0.347104916150442,0.362044800039795,0.369555520501372,0.352943934835469,0.372238386029573,0.392472252066827,0.395806078071426,0.417432161638261,0.44014033798321,0.442824794591757,0.42188799301317,0.440871773203741,0.438542314901318,0.433616138482369,0.444301364526016,0.420340319063997,0.432315780643354,0.426976906101206,0.427529105014351,0.442729032922237,0.424070474126081,0.429338861832377,0.424667234438523,0.424057076273225,0.423801482884313,0.427292192494547,0.422787074966201,0.394106662390995
0.233771993281705,0.276561696968196,0.285959944578309,0.334320173392268,0.348523112758671,0.355107369018942,0.339123594346497,0.35758762274758,0.37747691790383,0.380371237820978,0.400911881650325,0.422839884390939,0.425625769242039,0.404733974088749,0.422916193294648,0.420624061376128,0.415485159774408,0.425484281866617,0.401587416205734,0.413318232290291,0.408112764702195,0.408716539773849,0.423698662776428,0.406276252350618,0.411722877091348,0.406846383704508,0.406418833161153,0.40630694951743,0.409815382647368,0.404820681078068,0.393268827907937
0.226374254648814,0.267777066008153,0.27523993567876,0.321891344180506,0.335214521718606,0.341112555564049,0.325697383606619,0.343176841606868,0.362689926187037,0.365167322364287,0.38464699941028,0.405798256234432,0.408725386099198,0.387856881748194,0.405214267998622,0.40289947193956,0.397536547549431,0.406852847260228,0.38293068715317,0.394422224384883,0.389182842939042,0.389740640330421,0.404447403403905,0.388217868145687,0.393886371015293,0.388704422025063,0.388487420730411,0.388545477661632,0.392042493364659,0.386592184680769,0.392751879353431
0.218714155147068,0.258481712668718,0.264373556189372,0.309262785721957,0.321614978459025,0.326940562344825,0.31202063135111,0.328535694256223,0.347666352668699,0.349515836444166,0.367949269444577,0.388277983993622,0.39128901008972,0.370404715145621,0.386919512450074,0.384560616321385,0.379062404192775,0.387768993995144,0.363709255540391,0.374957606576822,0.369596785005555,0.370129454643124,0.384399184986708,0.369388143852614,0.375286717368786,0.36971225188902,0.369743913503237,0.369910106451624,0.373444386258026,0.367601676131633,0.392469280321861
0.210239929239211,0.248368856724695,0.25248350116297,0.295810918843341,0.307340774160297,0.311875710171336,0.297532425729808,0.31316153364581,0.331893427930045,0.33301801892253,0.350408951072529,0.369719924242312,0.372770963935757,0.351710359294848,0.367338492862105,0.364900792325283,0.35930738850429,0.3674229979436,0.343229983917401,0.354195229047137,0.348761759701583,0.349334870594223,0.363076307960674,0.349300435650124,0.355427196678342,0.349468527125252,0.349802393165699,0.350046236069066,0.353649064865363,0.347515691483892,0.392586401611683
0.201081882136325,0.237923273424928,0.24041115934848,0.282040507209939,0.292637526549864,0.296188185410734,0.282444522088391,0.297050035171427,0.315311230962449,0.315779684371837,0.332039416142961,0.350163286828699,0.3532422054305,0.331894505752146,0.34647105612411,0.343959485723976,0.33811703173898,0.345599358735697,0.321350111863917,0.33190751256795,0.32643402392296,0.327027991562122,0.340287058663581,0.327801761788987,0.334249212285752,0.327900105275206,0.328543341924832,0.328887243438874,0.332546866938213,0.32612175586833,0.393005330530014
0.191253510648981,0.227068183736276,0.227890919512555,0.26735528453789,0.276907613129933,0.279624616764628,0.266423371281645,0.279558931652189,0.297314483428961,0.297028419669959,0.312038054842754,0.328863330015167,0.331943151865717,0.310249266787167,0.323807818969091,0.321225003637448,0.315002875256521,0.321790023747123,0.297478857579857,0.307475615252978,0.301925574102842,0.302489846419867,0.315325339212327,0.304369594195444,0.311270649973934,0.304500402524605,0.305442958898318,0.305978810832231,0.309685820288425,0.302919981118476,0.393708115842735
0.177236461830851,0.211011279902144,0.208297755967246,0.244190864455087,0.252473333497353,0.254154023295482,0.241593687636721,0.252571513482618,0.269715649842705,0.268245684471589,0.281508234661853,0.296517503119355,0.299828090846411,0.277587595282004,0.290024083401914,0.28725900120077,0.280223989467387,0.285799705683317,0.26123920065565,0.270446244290292,0.264771734933604,0.265309916964395,0.277544125100909,0.269115097461536,0.276676074586021,0.269315258031323,0.270587335726154,0.271446412600885,0.275111714648489,0.267588560244504,0.396228774822495
0.161432979625253,0.192587497803141,0.185268011154701,0.216936469931651,0.22387052937786,0.224093696551393,0.212315556941659,0.221062778163462,0.237530837394679,0.234976724457048,0.246312328048214,0.259313030834093,0.263089834053059,0.240245961644317,0.251549251487913,0.248484656760419,0.240278530247538,0.244311248884609,0.219387657427385,0.227737416787953,0.221933113446852,0.222485828540773,0.233975483575049,0.22851471191924,0.236710372960844,0.228691763030623,0.230179456544531,0.231407299941475,0.234870360549068,0.226132826164445,0.394095572968599
0.343033949232205,0.406708558892385,0.442007205655951,0.513145820513098,0.536257755620452,0.552709814305845,0.528287111478288,0.561005182992175,0.582668394389067,0.591294541002113,0.625963740479869,0.6588781350894,0.65914952076726,0.639265728824245,0.664504553931552,0.660451206701672,0.657078215928576,0.673285922845633,0.648305329061126,0.663348427558434,0.658826319883785,0.659495603374505,0.676753569319371,0.64171070601781,0.642868206501713,0.640929489712628,0.638746412117696,0.635810133412403,0.638864398754839,0.638546370033703,0.496850737042582
0.322182478873277,0.378206761764433,0.408865805852022,0.474383126139444,0.497191229222552,0.51189136188996,0.488377483375197,0.517197675300709,0.538710782369219,0.546403340129904,0.578342172702572,0.609026370607115,0.610373265897874,0.589885278430688,0.613927462637534,0.609967529937306,0.606743739530935,0.621758613043932,0.596984595800612,0.611414040718361,0.606653898833361,0.60699684782112,0.624115179563422,0.592839383483279,0.595084227794262,0.592421293706172,0.590678265967793,0.588335272530492,0.591324237707383,0.590144463139502,0.496857985517915
0.300198840534489,0.351145983445519,0.376546710919593,0.437163656585616,0.45879846200387,0.472001745462017,0.449994284424234,0.475554476235674,0.496621570772158,0.503484363849748,0.532763980658751,0.561149070236522,0.563218976609743,0.542429068571153,0.565350619897134,0.561531666943983,0.558390726102302,0.572372482001097,0.547830289482439,0.561479639936221,0.556259139742305,0.556407944820517,0.573138350313781,0.5455255876148,0.548657144890076,0.545288444659035,0.543833177325508,0.542157714971497,0.545123288866634,0.543190061592864,0.496850934390027
0.284835731106295,0.334739554122461,0.357464436249237,0.415659313104193,0.435815656865226,0.448059380440447,0.427560883473051,0.451732045396765,0.472637514028116,0.478766838875444,0.506418777790272,0.533364296064595,0.535536636205207,0.514686641308051,0.536973770283949,0.533399825035382,0.530028694418292,0.54342518057035,0.519054221715738,0.532257985728987,0.52670779346523,0.526831657617373,0.543099007099069,0.517570242009631,0.521218504626803,0.517465322276014,0.516087516834414,0.514786775605032,0.51784895379166,0.515472088621391,0.496754549170703
0.271887584581326,0.320963088740147,0.341366903373721,0.397608434820289,0.416287394792979,0.427180982977152,0.408172024651297,0.431082446305493,0.451858004109197,0.457338893339543,0.483501864705252,0.509180345763072,0.511471402180509,0.490514269589781,0.512130014172751,0.508917070379064,0.50513566523451,0.518010249439103,0.493861554274554,0.506632432043223,0.501058182824402,0.501299275944669,0.517173001884357,0.493397061884854,0.497493571673008,0.493496397740731,0.492227518417689,0.49124135657062,0.494465094352061,0.49168207981578,0.496678978790878
0.26090495544065,0.309472322074167,0.327350876815003,0.381659921881499,0.398838839083397,0.408463658620247,0.390491731014905,0.412175298999973,0.432754496890389,0.43775435412046,0.462430441702068,0.487085202560381,0.489485216507151,0.468513978388252,0.489352183925771,0.486549542591883,0.482289166158392,0.494497679557585,0.470446188270877,0.482868999095522,0.477344735502346,0.477691677105828,0.493356857252882,0.471238921654863,0.475763240063185,0.471600531696705,0.470468792647802,0.46978824413467,0.473071073404068,0.469805375587723,0.4965259324862
0.251640648998947,0.299253582278513,0.31472947240954,0.36709308696358,0.383137185276004,0.391983066569028,0.374521543331274,0.395109159120332,0.415590391421468,0.419968014212144,0.443259710459428,0.467179489091804,0.46968458826188,0.448796184518626,0.468901745205304,0.466361455738451,0.461781586935725,0.473336030072017,0.449295773643545,0.461524751396689,0.456031997552306,0.456404877645209,0.471936122253862,0.451355098663167,0.456257384359414,0.45189248128396,0.450954697602214,0.450511597382104,0.453866552927566,0.450092955442638,0.496223166034561
0.244171138500111,0.289742559876409,0.302740018523467,0.353366214463821,0.368681847624655,0.376744473540889,0.35981637975733,0.379511986596043,0.399866518153534,0.403502979353932,0.425661361999417,0.448832086732186,0.451483294253679,0.430597311085807,0.44999065684835,0.447609944610484,0.442811431139711,0.453797086198317,0.429797283198707,0.441891713871196,0.436500647303276,0.436992697172886,0.452330494565358,0.433069350177407,0.438233782755753,0.433672063494466,0.432984923383183,0.432688080704277,0.436149871868745,0.431891241525897,0.49599811175099
0.237211549175847,0.280673374261764,0.291175866916347,0.340330659327497,0.35495446114949,0.362041359728129,0.345754785848252,0.364723899241496,0.384810516684899,0.387894991095565,0.408984796155656,0.431348107609343,0.434110048012527,0.413248062670686,0.431832316937981,0.429534590307134,0.424517304142587,0.434850639747352,0.410911069802743,0.422814217305888,0.417572497508356,0.418181370486345,0.433279786598662,0.41524744873542,0.4205996854961,0.415844814924684,0.415354784975988,0.415171335034129,0.418679028509227,0.413924658107275,0.495694795649456
0.229943698529512,0.271973918779941,0.28031523390884,0.327896106254209,0.341700808548816,0.347929642966215,0.332274620893893,0.350325449357788,0.370028417781465,0.372735535650463,0.392751906991903,0.414306720822173,0.417179666683823,0.396338675925127,0.414083092345724,0.411776927963305,0.40654082434573,0.416182333811516,0.392295165868798,0.403932224013381,0.398747974654768,0.399347423287621,0.414198105193093,0.397363389831579,0.402909831087355,0.397897149617551,0.397585852394184,0.397558898191773,0.401057501655411,0.395835196642875,0.495277148766035
0.222528692883371,0.263170930221189,0.269919143313454,0.31568490206511,0.32848845615201,0.33407122848722,0.31895529270557,0.33593317601381,0.35524108063779,0.357456197770241,0.376423096505671,0.397167659643837,0.400157653803621,0.379303154286957,0.396224485864348,0.393890094901642,0.388475561246899,0.397484558411423,0.373523357447056,0.38490496621561,0.37961718203869,0.38015915695291,0.394659792662456,0.37901852392629,0.38480399311457,0.379433150307352,0.379342911383951,0.379458406984324,0.382976131085728,0.377339946645933,0.495178597222383
0.214561182462487,0.253554854056367,0.258673720202429,0.302762279690555,0.31466992745146,0.319596593050136,0.304968293575375,0.321003247252384,0.339925346963106,0.341434713925164,0.359358470117479,0.37918989552966,0.382217450700845,0.361257733768955,0.377351565878547,0.374969844142514,0.369468967507162,0.377894187235974,0.35376598937594,0.364893034393456,0.359487944277921,0.360035312520019,0.374037637469465,0.35963692689801,0.36566513831774,0.35990578516601,0.360100438697932,0.360307867012813,0.363890295059539,0.357933146548459,0.495354325945496
0.205731157070531,0.243229936429007,0.246534863536577,0.289039581417155,0.300131701318324,0.304199464398807,0.290121095022915,0.305277000774197,0.32378100885573,0.324573507539622,0.341418016390181,0.360156362077556,0.363223420337153,0.342018531860604,0.357137954409722,0.354676566723443,0.349001015171734,0.356827743203511,0.332590378535811,0.343380630546766,0.337926979845946,0.338526645300911,0.352024074301921,0.338881344538284,0.345170577796741,0.339033841953198,0.33955459540009,0.339849975925405,0.343506472216691,0.337279203836445,0.495603929699393
0.196268380125959,0.232650129981195,0.234365929389243,0.27502252967222,0.285139626541431,0.288334002943122,0.274819938096343,0.288786979436494,0.306801062650367,0.306904329104167,0.322564792918181,0.340081052038807,0.343148445734344,0.321629346637426,0.335686607972841,0.333138297961046,0.327116502121348,0.334281032187731,0.310010801535353,0.320307683544845,0.314817499341304,0.31542065990708,0.328487387437593,0.316714696789642,0.323383603344245,0.316844959927676,0.317659768929028,0.318101824795113,0.321801583266369,0.315250447899824,0.495811954875959
0.184905094305925,0.219883764411366,0.219214078893047,0.257132346381577,0.266144000669359,0.268481395978707,0.255560105453121,0.267708986430777,0.285190743170282,0.284335561023224,0.298574749069129,0.314590390239452,0.317740370124708,0.295807108271738,0.308837996642894,0.30617165483294,0.299599932047991,0.305865817108976,0.281474551497112,0.291101004148946,0.285515358041538,0.286073547697349,0.29867272615549,0.28882404319848,0.296047386657911,0.289020255528453,0.290134464266914,0.290831256536642,0.294536911478899,0.287480991541044,0.496036216235414
0.167972922259362,0.200187673493875,0.194763269447794,0.228141527761317,0.235662313498628,0.236516232195529,0.224409170238082,0.234049167593613,0.250799292164923,0.248675524854755,0.26081486597104,0.274644387030034,0.278236538058384,0.255646269147498,0.267431554670468,0.264482748047862,0.25675886076875,0.261422705443164,0.236657891243845,0.245357848419339,0.239613628590627,0.24015756706806,0.251968301384374,0.245295818758198,0.253251136460825,0.245505029487991,0.246908383881201,0.247989846138141,0.251535528610239,0.243309265308719,0.496440327778049
0.157052086438658,0.187490948633438,0.178868881904398,0.209269593345613,0.215803463282525,0.215536378644158,0.204018546316496,0.212142043262531,0.228423835109999,0.225653915935657,0.236473889802279,0.248926706985908,0.252883678803835,0.229865289023668,0.24088285778963,0.237731812582353,0.229168394665711,0.232747211346572,0.207709234577064,0.215826855705241,0.209982227561662,0.210542888804274,0.221804309836185,0.217185611848519,0.225535638819496,0.217341669767758,0.218854335265527,0.220189845498463,0.223568561596634,0.214431950642406,0.496409539336872
0.348221758967135,0.413901443609974,0.450154515293967,0.522756704818458,0.54586549348222,0.562794068003925,0.53817039569976,0.571882098863839,0.593523441943991,0.602430206990921,0.637788937723941,0.671231176263353,0.671234776075973,0.651544538058781,0.677080645393229,0.673000821694392,0.669619726466718,0.686152342068734,0.661145146787256,0.676302041508038,0.6718262404589,0.672610979678491,0.689877941047071,0.653906660963634,0.654761681234606,0.653008979938907,0.650715210978148,0.647658705716084,0.65073833593795,0.650658455067001,0.596008777381753
0.3348797478508,0.395400525228303,0.428975353493227,0.49786209966171,0.520931059879985,0.536676311689896,0.51257060692319,0.543733552288825,0.565370529373889,0.573606560415126,0.607197673725577,0.639256527954244,0.639956763163829,0.619814388686128,0.644581152048726,0.64056818477096,0.637253210760483,0.652971985713145,0.628060291974718,0.64288396346939,0.63828806294533,0.638814591935584,0.656034063262066,0.622470713985573,0.624077428531983,0.621855204507191,0.619853848424238,0.61713674532677,0.620161030328612,0.619492852786598,0.605283930542682
0.310344679683699,0.363092017275382,0.390872223165106,0.453566390044937,0.475885879781807,0.489718238364514,0.466929528696521,0.493812908476372,0.515080517820348,0.522325178007684,0.552772552358053,0.582188361398763,0.583993713529105,0.563288665438769,0.58670596587198,0.582801396379261,0.579656234426121,0.594099663911916,0.569462246910397,0.583469855985928,0.578486540737297,0.578700294010422,0.595650250911435,0.566431260427957,0.569182330501788,0.566126113026401,0.564553403866332,0.562583287697891,0.56555612193783,0.563952650683776,0.603169647460296
0.292199259510426,0.342559794439521,0.366487010852602,0.425783162786097,0.446677830731788,0.459433272395591,0.438185602497382,0.462966103977258,0.483904293986015,0.490419732812115,0.518856872106544,0.546493554714673,0.548634036195119,0.527813366917051,0.55040728804554,0.546705395518615,0.543470776197674,0.557138957702889,0.532680741893448,0.546087185426235,0.540664434874785,0.540782250233873,0.557282226015432,0.530780799249673,0.534181979215751,0.530598176901792,0.529178266861513,0.527713991549209,0.530702199427806,0.528538964005894,0.601264134914964
0.278047613642577,0.327575741228525,0.349208374188751,0.406408439741409,0.425828885030817,0.437449629356923,0.417709812589579,0.441267692464574,0.462123801930934,0.467899564129197,0.494821771419349,0.52112410479405,0.523344697512637,0.502445513709395,0.524409840320378,0.521011427297984,0.517455145949767,0.530601539802971,0.506336407342279,0.519329051022756,0.513731069538197,0.513899092732903,0.529946714887845,0.505301818891691,0.509188775941562,0.505295033335397,0.503967994717614,0.502823775530175,0.505965638423445,0.503387868057552,0.601130890815232
0.266227779845874,0.315010711696937,0.334162031999723,0.389447266481956,0.407372434928304,0.417559557771093,0.399138491930796,0.42142998091036,0.4421097088509,0.447335891143315,0.472768703973124,0.497885872186593,0.500231227371791,0.479245502349958,0.500477612896873,0.497479282236993,0.493465053741684,0.506043011377003,0.481966135076442,0.494543686225743,0.489003834452721,0.489321149708138,0.505067287011938,0.482119127926983,0.486429383485193,0.482348497341692,0.481146267010208,0.480312861354435,0.48358317069439,0.480566102569682,0.601395585181713
0.256121357587215,0.304316320831387,0.320981673268086,0.374313673006723,0.390873788426297,0.400040593013708,0.38236783137948,0.403484259623655,0.424004482607439,0.428738504522611,0.452696719955427,0.476954820964442,0.479398648996397,0.458469956309591,0.478933807327015,0.476281124027168,0.471837789672388,0.483706419851909,0.459675362175402,0.471984688597591,0.466487831330592,0.466853834071688,0.48246300048938,0.461131819303297,0.465854923310029,0.461598197994864,0.460554235747053,0.45999314387128,0.46331152959372,0.45979193452364,0.601459901333002
0.247775949703275,0.294492506124163,0.308710292265115,0.360152721821081,0.37580182686359,0.384304928974373,0.367097690221831,0.38720712984611,0.407636733772139,0.411660673333677,0.434367948536333,0.457934842858019,0.460510464776484,0.4396397744376,0.459411039395465,0.456963504280767,0.452269199955768,0.463529608098386,0.439511107065488,0.451671805345605,0.446222557070312,0.446634641512693,0.46209165312211,0.442192576611588,0.44724251131706,0.442778736035873,0.441968352637228,0.441610866820311,0.445018386688766,0.441003724846363,0.601507501448194
0.240730500640242,0.285203814898648,0.296930370362146,0.346801698251205,0.36178250400628,0.369420506246409,0.352780273724401,0.372117307045271,0.392362267345233,0.395691375008744,0.41732935968332,0.440126377201195,0.442851304512939,0.421981765699442,0.440997324819164,0.438660980324619,0.433757081262259,0.444426723310596,0.420445152551812,0.432458300561018,0.427130437824395,0.427676664557307,0.442901626780364,0.42425782544695,0.429523091523477,0.424866423801471,0.424286538521821,0.424050582482593,0.427542110927067,0.423038077604884,0.601915883867533
0.233655363605758,0.276292140444954,0.28566917587824,0.334116837042927,0.34838061653088,0.35503952683207,0.339070091081301,0.357640148717004,0.377546432333706,0.3804161368723,0.400989540051095,0.422972366656393,0.425791708085559,0.404940555280155,0.423112705893551,0.420816753446406,0.415698462996225,0.425691670883493,0.401776062721113,0.413558342814249,0.408362633264549,0.408984868580801,0.423955361310949,0.406509634938309,0.411948151476465,0.407072438459157,0.406668896188107,0.406557330487752,0.410064431633831,0.405074087888499,0.602058019399469
0.226325071813374,0.267666546673408,0.275191661811104,0.32192806196703,0.3352591358697,0.341128311131084,0.325771683301568,0.343322981176534,0.362833141253861,0.365316240431542,0.384826100626117,0.405977127927986,0.40890775037122,0.388062794224474,0.405395568656652,0.403083166607825,0.397749449334716,0.407072746950361,0.38316646352143,0.394678040168923,0.389465542084237,0.390047592311066,0.404736533115145,0.388470995928415,0.3941243067106,0.388949403107565,0.388736919930141,0.388779203254206,0.392277388601643,0.386841168899444,0.602320594757254
0.218700923021754,0.25858682916457,0.264604732712135,0.309562070188488,0.321896947137862,0.327133625175554,0.312259479073363,0.328739948262641,0.347853729803131,0.349762471773731,0.368207045367851,0.388507072645343,0.391517730585002,0.37062641612358,0.387148664292184,0.384795414889873,0.37933243145564,0.388049359294975,0.364022184710624,0.375274455624169,0.369923448780025,0.370452047911191,0.384718891611828,0.36967219541412,0.375577651448699,0.370017673136158,0.370046553330747,0.370210433356594,0.373751400014544,0.367944866357564,0.603090621419364
0.210366146424228,0.24863192696762,0.252884299144269,0.296190071481566,0.307708401207108,0.312230264631873,0.297850240813394,0.313426026306475,0.33214237969243,0.333301157224644,0.350694456311533,0.370000481992611,0.373046637107608,0.351970517634278,0.367606860597546,0.365196636140421,0.359631114302629,0.367778057585252,0.34358715217333,0.354557827605186,0.349109954996822,0.349677960316765,0.36342747047314,0.349644003678356,0.355799223990614,0.349854058542139,0.350204464508319,0.350454477969406,0.354078429359642,0.347995543005465,0.603693034911441
0.201247593358506,0.238142538001968,0.240648054350728,0.28228732779418,0.292917990289492,0.296572368929947,0.282744975718765,0.297379209746477,0.315656279553651,0.316108257391913,0.3323828964288,0.350541538503608,0.353615950056992,0.332254631600249,0.346851029075962,0.344353225032044,0.338525305729914,0.346041405830692,0.321774415592854,0.332349970562031,0.326874444882814,0.327486759555902,0.34076771267564,0.328275311421512,0.334733906622283,0.328407556336445,0.32908107825901,0.329437172279788,0.333122032906964,0.32675190034336,0.604046959077063
0.191292492895549,0.227134088312666,0.227915843789513,0.267460803342733,0.277081346881778,0.279913861988881,0.266661896565843,0.27987387013961,0.297652859365058,0.297349375677286,0.312391681993747,0.329259125753094,0.332340005899249,0.310652704017894,0.324217533643753,0.321617279558682,0.315373612543334,0.3221649675878,0.297858722333534,0.307867538792699,0.30234690809754,0.302932329955528,0.315800205797016,0.304823705573357,0.311725534275571,0.30497753756503,0.30593578164746,0.306487177445555,0.310200802904897,0.303459164515692,0.603942196361884
0.17710902733255,0.210878140906656,0.208122706312271,0.243976872788466,0.252304559375902,0.253984833081177,0.24144503512017,0.252402409425532,0.269539082287245,0.268070589846421,0.281338366652468,0.296342504702503,0.299671688245403,0.277450739996958,0.289879495580992,0.287083599482332,0.280004329428129,0.28555391398282,0.261014714933346,0.270200978796605,0.264541802817643,0.265085127906,0.277332574749336,0.268921611507103,0.27649814068478,0.269130115691521,0.270395451247883,0.271271607477215,0.274915485803463,0.267357007071189,0.601780737021135
0.161444947813816,0.192586990869388,0.185250520609949,0.216840236146208,0.223772725945919,0.223959232741052,0.212203876681873,0.220922405605715,0.237390159492632,0.234861874945266,0.246202123496504,0.259200912115987,0.263009400255819,0.240164925884842,0.251488632764379,0.248417955030741,0.24020191858425,0.244217593324414,0.219290886162957,0.227637811679458,0.221828225668903,0.222379305027999,0.23386288755563,0.22842464041103,0.236625832178093,0.228606138083366,0.230080632717855,0.231311757133023,0.234757215833724,0.225994953636668,0.605257661326769
0.343496031155311,0.407361922192207,0.442695933442452,0.514008565460253,0.537064042341091,0.553539091673651,0.529099421485313,0.561907707202014,0.583526681475172,0.592170803558978,0.626898545550716,0.659849712609906,0.660089626711658,0.640224566641895,0.665458432990766,0.661405466143224,0.658013208877315,0.674238101185084,0.6492436628179,0.664266292756185,0.659754651523933,0.66044811496665,0.677671603762645,0.642544904351927,0.643663905799937,0.641731955088853,0.639538315431129,0.636589777264557,0.639642351980524,0.63933166038474,0.66404876203415
0.323864955693654,0.380625991053798,0.411683608274175,0.477679738671695,0.500472375258909,0.515286748893898,0.491700563704598,0.520864675275726,0.542361260461357,0.550108702650344,0.582260319332908,0.613125926878271,0.614348098564916,0.593897953889729,0.618019580175622,0.614043464568007,0.6107879212442,0.625891180449497,0.601086670858534,0.6155538690488,0.610814077114227,0.611178454446843,0.628287541012823,0.596700772214877,0.598846836695305,0.596238841877347,0.594441829670794,0.592043350587335,0.595034915820936,0.593909799619186,0.667385892535016
0.300829473942832,0.351875958758989,0.377446776726201,0.438176918527395,0.459829317447491,0.473032808024976,0.450980121724781,0.476586728257529,0.49762996586412,0.504507226931219,0.533845332512088,0.562275107448102,0.564322611505518,0.543521274999552,0.566455785441233,0.562623126458376,0.559467243649833,0.573466885224056,0.548919587146843,0.562576307652991,0.557370495191501,0.55751474097194,0.57424438416006,0.54654343738104,0.54964637734896,0.546283110636043,0.544804481794764,0.543113008312745,0.546079908398169,0.544155316165655,0.66451074454022
0.284965410684763,0.334901577002313,0.357688611831705,0.415865120296964,0.436039846803933,0.448301555988001,0.427773664093057,0.451925797944219,0.472808907037863,0.478952213588171,0.506630676981525,0.533590182813442,0.535762433311375,0.514904968258216,0.537179580117154,0.533597939152066,0.530216668170208,0.543592356570951,0.519201829558006,0.532403212178127,0.526840855516168,0.526947409595512,0.543206782711593,0.517655487318601,0.521300980099052,0.517532507904239,0.516159716360189,0.51484893016018,0.51788836079915,0.515500618501574,0.66385174414126
0.271946563110381,0.321037040547053,0.34150878064361,0.397723781487605,0.416419961155545,0.427361291328537,0.408298215004506,0.431223704780794,0.452002018435717,0.457450454445441,0.483633725662339,0.509304815979142,0.511579579901689,0.490625109912622,0.512237023058618,0.509006752174361,0.505239023846309,0.51812741274336,0.493954372575572,0.506729505801061,0.501122543171958,0.501352965343922,0.517209851761279,0.49341640067722,0.497506183008905,0.493484390474027,0.492217920512999,0.491216136348828,0.494427035998162,0.491628433011346,0.664017553269565
0.261061812192537,0.309589586489749,0.327465743395526,0.381807958672489,0.399011198051268,0.408603705530384,0.39063819737107,0.412330100716987,0.432906532996753,0.437889105743425,0.462601331323036,0.487233643509888,0.489620480043588,0.468629269387198,0.489481716768725,0.486660543245599,0.482424934910318,0.494664738289385,0.470620665965215,0.483026648125391,0.477502472731518,0.477857830662611,0.493504672268793,0.471363655529784,0.475869815843316,0.471692699124955,0.470555723165443,0.469852927047866,0.473145489342832,0.469882331379575,0.66450205838142
0.251737782621302,0.299395710270912,0.314885179604808,0.367262024424605,0.383305292526889,0.392113982494396,0.374694104300776,0.395283437338016,0.415751516916842,0.420169732416557,0.443478717473695,0.467384373990594,0.469883884296348,0.44897594503965,0.46909125983103,0.46655121891346,0.461951810359871,0.473492530876679,0.449461201389218,0.461679455696032,0.456194295313161,0.456561726537358,0.472094910897917,0.451490259903018,0.456393594576064,0.452027980351549,0.451086583559849,0.450630247335283,0.453969217492834,0.450196661633682,0.664695790557768
0.244213993378786,0.289894094411211,0.302930678157237,0.353532517514547,0.368818401785898,0.376938536634642,0.359975493338164,0.379664789565828,0.40002416917324,0.403688311845567,0.425859826756004,0.449045861457069,0.451694868610658,0.430810281869766,0.450214681263997,0.447825526879526,0.443018538609893,0.453994724623142,0.429988503164946,0.442067271402585,0.436655892982677,0.437113597128443,0.452457574822906,0.433194817636317,0.43836891400892,0.433799569591257,0.433104596060181,0.432814785709166,0.436263308336605,0.432003704022566,0.665210680296975
0.237323384363422,0.280822532643207,0.291372752054992,0.340546304751865,0.355195913425217,0.362353854752337,0.346029009828139,0.364977067024897,0.385063881181107,0.388125646569173,0.409237803122527,0.431638170066913,0.434412060610084,0.413534410454041,0.432150321569842,0.42983301361064,0.424826457724518,0.435179917031934,0.411230790719748,0.423121364663096,0.417858504122401,0.418452011916322,0.43354835242098,0.415499011205143,0.420846942764465,0.416078933232414,0.415577498030961,0.415397539891847,0.418912910439537,0.414167929231118,0.665921297270276
0.230113738177989,0.272065447804472,0.280447106044074,0.328099263653906,0.341960212871941,0.348189190574747,0.332534432554928,0.350638917845941,0.370357972940082,0.373024895487876,0.393082817385999,0.414649967088727,0.417511704528144,0.396645679189562,0.414407178918825,0.412115363937719,0.406875409166082,0.416531019950051,0.392632393215863,0.404278438984792,0.399099157145849,0.399716563595564,0.414553678184873,0.397685016345008,0.403221574039997,0.398215152504271,0.397896017264033,0.39785691010383,0.401354555655331,0.396135233478563,0.666435255299554
0.222636620012513,0.263299656063663,0.270072667460466,0.315946090661552,0.328781652002538,0.334317261598423,0.319198943097333,0.336234486191726,0.355558548042579,0.357792797900854,0.376770414486628,0.397504734950753,0.400480008893455,0.379623864887201,0.396555043473976,0.394225755421108,0.388798705748458,0.397813581601755,0.373859143868729,0.38523207638817,0.379957171439662,0.380508199988103,0.395008373198889,0.379331743264883,0.385102551156262,0.379747800727294,0.379636817268855,0.379748719589412,0.383250779869615,0.377606289482395,0.667352364766877
0.214717066216635,0.253812339182539,0.259011184840856,0.303154444998005,0.315081819890512,0.319992108173562,0.305344586973757,0.321350076405863,0.340263495467802,0.341822581368064,0.359740189362739,0.37957360018078,0.382600876075197,0.361633260537754,0.377732627186267,0.375346885850846,0.369823669168816,0.37826235728456,0.35415528297393,0.365267724422998,0.359860170094445,0.360390994051243,0.374408408958452,0.359977736116403,0.366001320950926,0.360239502963921,0.360405239842168,0.360612597942353,0.364187677500539,0.358223043713118,0.668459017353302
0.206079111064126,0.243560695819274,0.246919941054137,0.289409846067344,0.300504655814896,0.304607172514124,0.290505832574877,0.305633413069978,0.324144775664574,0.324935562323432,0.341795272365487,0.360550264514205,0.363612895482808,0.342403484614224,0.357544019240846,0.355095786116604,0.349422645182661,0.357267903220818,0.333024057624037,0.343816684822511,0.338339533186366,0.338934081579307,0.352441942574059,0.339284475202682,0.345569175348703,0.33943124796901,0.339934170755135,0.34022516001526,0.343879720732632,0.337647938565886,0.669192415760202
0.196615825705159,0.232988644950426,0.234702317330914,0.275405807110458,0.285538792581171,0.28878104561058,0.275235330551455,0.289264428470807,0.307315070953144,0.307424889800688,0.323123096782502,0.340671751029558,0.34375009644937,0.322244130545546,0.336326973710671,0.333788595745274,0.327781124504564,0.334960696885877,0.310671592166345,0.321000693323844,0.315506237830994,0.316106832398186,0.329183150093923,0.317378960467242,0.324021739885055,0.317500068237397,0.318306268867071,0.318736234975208,0.322435048745828,0.315891717291476,0.669680190594683
0.185702641273661,0.220846916850657,0.220425008176951,0.258590512134135,0.267658254777678,0.270030245693967,0.257081002006863,0.269376198611468,0.286886608199156,0.286120763269341,0.300457228883986,0.316582332533196,0.319716494057603,0.297827031404273,0.310904101555004,0.308239104660749,0.301706279938895,0.308043926646162,0.283672211804061,0.293347201920943,0.287769649482589,0.28832515040454,0.30095298020712,0.290934045295957,0.298102450635563,0.291104124808282,0.292197613285915,0.292871596726514,0.296576218852572,0.289560510375146,0.669013734929645
0.168943915142994,0.201327570029949,0.196240955228442,0.229906663072242,0.237490645869184,0.238395070738611,0.226253156322939,0.236014102634951,0.252794878724838,0.250742536670552,0.262982433814516,0.276934873560055,0.280490516010005,0.257944174544991,0.269780846949397,0.266841874384769,0.259203563030642,0.26396477997478,0.239233714896402,0.247975928023739,0.242229321305069,0.242765723081025,0.254612986622799,0.247739515339108,0.255653904784147,0.247933617319522,0.249320137162116,0.250378511318869,0.253927742104002,0.245772663214589,0.669257180776721
0.157357868008957,0.187808059298764,0.179256683093912,0.209743987330342,0.216285320686472,0.216039754586666,0.204508175809704,0.212661495688723,0.228951580246448,0.226176040118557,0.237009646495782,0.24948923361795,0.253432405448748,0.230422585665441,0.241445976288614,0.238306720692509,0.22977965656954,0.233392096406852,0.208364965735578,0.216488579852838,0.210637867402629,0.21119222709967,0.222467599765015,0.217795682550643,0.226137429769472,0.217946360510138,0.219458359750454,0.220778304837068,0.224166529769664,0.215061796769986,0.679191610967033
