"x","y"
1.5,0.866025403784439
2.5,0.866025403784439
3.5,0.866025403784439
4.5,0.866025403784439
5.5,0.866025403784439
6.5,0.866025403784439
7.5,0.866025403784439
8.5,0.866025403784439
9.5,0.866025403784439
10.5,0.866025403784439
11.5,0.866025403784439
12.5,0.866025403784439
13.5,0.866025403784439
14.5,0.866025403784439
15.5,0.866025403784439
16.5,0.866025403784439
17.5,0.866025403784439
1,1.73205080756888
2,1.73205080756888
3,1.73205080756888
4,1.73205080756888
5,1.73205080756888
6,1.73205080756888
7,1.73205080756888
8,1.73205080756888
9,1.73205080756888
10,1.73205080756888
11,1.73205080756888
12,1.73205080756888
13,1.73205080756888
14,1.73205080756888
15,1.73205080756888
16,1.73205080756888
17,1.73205080756888
1.5,2.59807621135332
2.5,2.59807621135332
3.5,2.59807621135332
4.5,2.59807621135332
5.5,2.59807621135332
6.5,2.59807621135332
7.5,2.59807621135332
8.5,2.59807621135332
9.5,2.59807621135332
10.5,2.59807621135332
11.5,2.59807621135332
12.5,2.59807621135332
13.5,2.59807621135332
14.5,2.59807621135332
15.5,2.59807621135332
16.5,2.59807621135332
17.5,2.59807621135332
1,3.46410161513775
2,3.46410161513775
3,3.46410161513775
4,3.46410161513775
5,3.46410161513775
6,3.46410161513775
7,3.46410161513775
8,3.46410161513775
9,3.46410161513775
10,3.46410161513775
11,3.46410161513775
12,3.46410161513775
13,3.46410161513775
14,3.46410161513775
15,3.46410161513775
16,3.46410161513775
17,3.46410161513775
1.5,4.33012701892219
2.5,4.33012701892219
3.5,4.33012701892219
4.5,4.33012701892219
5.5,4.33012701892219
6.5,4.33012701892219
7.5,4.33012701892219
8.5,4.33012701892219
9.5,4.33012701892219
10.5,4.33012701892219
11.5,4.33012701892219
12.5,4.33012701892219
13.5,4.33012701892219
14.5,4.33012701892219
15.5,4.33012701892219
16.5,4.33012701892219
17.5,4.33012701892219
