"ConfigID","radius","y_dim","x_y_ratio","neighborhood_fnc","x_dim","n_neurons"
1,0.762948208956979,5,4.12816907706205,"bubble",21,105
2,0.623506968831294,3,9.3187309264089,"gaussian",28,84
3,0.761966736029717,5,10.5744515599916,"gaussian",53,265
4,0.65598772483808,5,10.3479738710774,"gaussian",52,260
5,0.694509864237392,5,11.2132407773752,"gaussian",56,280
6,0.690849702125764,3,11.65634810413,"bubble",35,105
7,0.631898905693088,4,11.6931288100802,"gaussian",47,188
8,0.731995155804907,3,4.7903468992468,"gaussian",14,42
9,0.788559045931557,3,11.4058176578442,"gaussian",34,102
10,0.736415721012279,4,8.08190481073921,"bubble",32,128
11,0.553515017002588,5,4.16839610859286,"gaussian",21,105
12,0.955632906023529,4,8.06853566912701,"gaussian",32,128
13,0.653140420627897,5,4.89658533615991,"bubble",24,120
14,0.553111935240566,5,11.1342588546104,"bubble",56,280
15,0.866402251870954,5,10.8237141339341,"gaussian",54,270
16,0.88876629176049,5,8.20044818818336,"bubble",41,205
17,0.815896370952367,5,7.54188250269974,"gaussian",38,190
18,0.728682625091518,4,6.91774723255541,"gaussian",28,112
19,0.704117718847701,5,8.55292749852408,"gaussian",43,215
20,0.900058663479984,5,9.70630405341275,"bubble",49,245
21,0.819400084013585,4,5.7942972232285,"bubble",23,92
22,0.571386359202559,3,10.841069997591,"gaussian",33,99
23,0.872963472148404,3,4.99385413429467,"bubble",15,45
24,0.904153477521264,4,6.25325091765495,"gaussian",25,100
25,0.940889203194529,3,11.7416940984991,"gaussian",35,105
26,0.542083739342401,4,4.05601524562575,"gaussian",16,64
27,0.951800784343854,5,6.21521028961754,"bubble",31,155
28,0.820939571426483,4,4.25466292836471,"gaussian",17,68
29,0.58166002198006,5,4.3843140712101,"bubble",22,110
30,0.945795310990652,3,9.66470610377844,"bubble",29,87
31,0.700501036264817,4,12.1960359926778,"gaussian",49,196
32,0.708377533262246,4,8.19805602371926,"gaussian",33,132
33,0.688601771949208,5,10.7097986390721,"bubble",54,270
34,0.573814466516837,4,9.92277871954255,"bubble",40,160
35,0.885351630345685,3,10.0755590142007,"gaussian",30,90
36,0.705320710389409,4,9.97323013101006,"gaussian",40,160
37,0.956513733468018,3,10.4335086104972,"gaussian",31,93
38,0.620494578163722,3,11.8163631378184,"gaussian",35,105
39,0.958241933287471,4,5.73630334804999,"bubble",23,92
40,0.574978964056005,3,8.60432120192796,"gaussian",26,78
41,0.646569337000954,5,11.4863241124991,"bubble",57,285
42,0.841317644844996,5,5.01758794805501,"gaussian",25,125
43,0.82249339547765,4,3.87948869297514,"bubble",16,64
44,0.65642433050659,5,5.50744558509672,"bubble",28,140
45,0.768797603997169,3,5.02482161158929,"gaussian",15,45
46,0.697252298656385,5,7.063022281921,"bubble",35,175
47,0.89286807927175,4,8.9526550792763,"gaussian",36,144
48,0.843225650081644,4,5.44158217468299,"gaussian",22,88
49,0.93499779400276,4,8.15987928809365,"bubble",33,132
50,0.771183035684284,4,10.0342527944781,"bubble",40,160
51,0.727427126098308,3,6.44667848155135,"gaussian",19,57
52,0.61179497855634,4,7.70362401195802,"gaussian",31,124
53,0.539792198912357,4,6.51529561265139,"bubble",26,104
54,0.891467875708244,5,4.15016964657465,"bubble",21,105
55,0.791576608117786,3,11.3636457386124,"gaussian",34,102
56,0.643921249225386,5,11.5127992989845,"gaussian",58,290
57,0.745279294416541,3,7.21737610417418,"bubble",22,66
58,0.932420704840333,5,11.5308208866813,"bubble",58,290
59,0.614286228742916,5,4.81408055307576,"gaussian",24,120
60,0.861182953670737,4,7.6253741584532,"gaussian",31,124
61,0.781756010045181,4,9.33366381827509,"gaussian",37,148
62,0.870105061748764,4,10.7924596669362,"bubble",43,172
63,0.795742870845715,3,8.46448442305438,"gaussian",25,75
64,0.801520525893429,4,12.1156419130112,"gaussian",48,192
65,0.763352677980554,5,7.49026315856027,"bubble",37,185
66,0.672398455800721,3,9.02782975040376,"bubble",27,81
67,0.780010884047719,4,11.3808445311873,"gaussian",46,184
68,0.622882197822793,3,5.99399239348946,"bubble",18,54
69,0.917082873494015,5,4.51465926143108,"bubble",23,115
70,0.532857810696587,4,9.76189293483272,"gaussian",39,156
71,0.876402717226185,3,8.68232693783939,"bubble",26,78
72,0.67115535087022,4,6.7369243892096,"gaussian",27,108
73,0.743845794946188,3,12.0698214163957,"gaussian",36,108
74,0.839877270116238,3,7.22596228158101,"gaussian",22,66
75,0.711869570525945,3,5.45142446078593,"bubble",16,48
76,0.589830993796582,5,11.1897343407851,"gaussian",56,280
77,0.937859405229101,4,4.87668084222125,"gaussian",20,80
78,0.717567864575191,5,9.87813247849001,"gaussian",49,245
79,0.874886798850843,3,8.02260006554425,"bubble",24,72
80,0.699731833785656,3,11.0853539792937,"bubble",33,99
81,0.60684595200629,4,6.30748017983977,"gaussian",25,100
82,0.564312731397455,4,5.11330969635164,"bubble",20,80
83,0.775732331224252,5,7.36002594874706,"bubble",37,185
84,0.529999368892983,4,11.2027639930579,"bubble",45,180
85,0.82153207841923,4,10.2716331517184,"bubble",41,164
86,0.715893949229037,3,9.69282861026935,"bubble",29,87
87,0.613234082654118,5,5.04554072887637,"gaussian",25,125
88,0.896841002969653,3,5.39191834837431,"bubble",16,48
89,0.787509828234674,3,11.1526654437813,"bubble",33,99
90,0.834688485295628,5,5.37609219133854,"gaussian",27,135
91,0.817733672090923,5,3.74179337756708,"bubble",19,95
92,0.734346145666088,4,6.24838654951192,"bubble",25,100
93,0.612026913476409,4,12.4313390130666,"gaussian",50,200
94,0.852828234147979,3,7.14366948154755,"bubble",21,63
95,0.531806908692233,5,4.19467391602462,"gaussian",21,105
96,0.770504871978541,5,5.69737190115033,"gaussian",28,140
97,0.5664465866104,5,11.9080561460531,"bubble",60,300
98,0.66745681888354,3,8.84800677681807,"gaussian",27,81
99,0.923690788127482,4,10.2433723172592,"gaussian",41,164
100,0.82652711756248,5,3.68909468169091,"gaussian",18,90
101,0.591491486039246,3,6.96172514106147,"gaussian",21,63
102,0.92544877758727,5,9.4763358107605,"gaussian",47,235
103,0.863944801770849,4,4.45639572556829,"bubble",18,72
104,0.595747499952326,4,7.83687393959612,"bubble",31,124
105,0.742700689068413,5,10.8874365199194,"gaussian",54,270
106,0.850345240464201,4,8.56465344978729,"bubble",34,136
107,0.694148624022724,4,8.36897990808357,"bubble",33,132
108,0.826429796407116,5,7.65267617043108,"gaussian",38,190
109,0.823390953513444,3,10.0063906343514,"bubble",30,90
110,0.795249940398848,5,8.52094840375474,"bubble",43,215
111,0.952478510478511,4,7.59154787939508,"bubble",30,120
112,0.589255922495853,5,3.95200653837062,"bubble",20,100
113,0.585009959178278,3,10.210346400172,"bubble",31,93
114,0.582518340914045,3,9.2617381141847,"bubble",28,84
115,0.809307247539866,4,7.29901678164722,"bubble",29,116
116,0.767871503334376,4,6.9276173278084,"gaussian",28,112
117,0.81495693429315,5,6.33739913938334,"bubble",32,160
118,0.842654233886627,5,6.20389582421863,"bubble",31,155
119,0.6853299536173,5,7.30028550688876,"bubble",37,185
120,0.623436952312011,4,8.39493665946647,"bubble",34,136
121,0.706863363433397,4,10.5107576973876,"bubble",42,168
122,0.699103011749452,5,3.96753394906642,"gaussian",20,100
123,0.679699005749193,3,5.27044287001714,"bubble",16,48
124,0.624982945611468,4,6.45759666301543,"gaussian",26,104
125,0.729782622276922,3,6.42718766878359,"bubble",19,57
126,0.748014145081048,3,8.88303956295364,"gaussian",27,81
127,0.972664328034967,3,5.66265241103712,"bubble",17,51
128,0.894075948859914,3,8.40748630345101,"gaussian",25,75
129,0.914303763492382,3,5.56534114937764,"gaussian",17,51
130,0.869936293426086,4,4.68366645412287,"gaussian",19,76
131,0.567003154480015,4,5.78204734642059,"bubble",23,92
132,0.594553427760489,4,8.94250816237647,"bubble",36,144
133,0.572526470331592,3,12.3506164542353,"gaussian",37,111
134,0.527075824801344,3,7.32627337846206,"bubble",22,66
135,0.814257643118617,5,11.9782807155908,"bubble",60,300
136,0.568535505999927,5,11.266756849403,"gaussian",56,280
137,0.966022021599347,5,8.66035813764669,"gaussian",43,215
138,0.569539073142107,5,4.04682209671708,"bubble",20,100
139,0.603276429752586,4,11.2230404608045,"gaussian",45,180
140,0.899920911648893,4,3.98500464743236,"gaussian",16,64
141,0.917604064614861,3,7.18495408495888,"gaussian",22,66
142,0.755767474054475,4,9.24066834150348,"gaussian",37,148
143,0.569037028943072,5,6.38839819279732,"bubble",32,160
144,0.620974485915736,4,4.97014521007659,"bubble",20,80
145,0.687757318511372,5,5.07428594243713,"gaussian",25,125
146,0.839145173234865,4,5.89967639626237,"gaussian",24,96
147,0.584756104509113,4,4.74685132860206,"bubble",19,76
148,0.533343208237668,4,9.53515945011517,"gaussian",38,152
149,0.580867029937683,4,5.48879586683353,"gaussian",22,88
150,0.630764898536378,4,6.82976215422153,"bubble",27,108
151,0.959597132735886,5,6.95726830089698,"bubble",35,175
152,0.921226041858434,4,11.5882528908853,"bubble",46,184
153,0.703349517154275,3,3.66980863190489,"gaussian",11,33
154,0.838867348470027,3,12.6407727764128,"gaussian",38,114
155,0.545087096095434,4,8.93269290742231,"bubble",36,144
156,0.834199356354773,3,5.81174112536246,"bubble",17,51
157,0.93111216769123,4,10.0965939629497,"gaussian",40,160
158,0.707605890244944,5,8.59392883937573,"gaussian",43,215
159,0.664603332469589,4,12.0299022549833,"bubble",48,192
160,0.579202401146991,5,6.99537284417544,"gaussian",35,175
161,0.845069513278431,3,9.45406164665706,"bubble",28,84
162,0.922578634709935,3,4.98912355914246,"gaussian",15,45
163,0.868318106386694,4,12.4982075148239,"gaussian",50,200
164,0.981838317734306,5,9.16448328804923,"gaussian",46,230
165,0.93939937037765,5,12.5100714783603,"gaussian",63,315
166,0.66576869290357,3,3.57111341074575,"bubble",11,33
167,0.720330109197646,4,10.7564618946332,"bubble",43,172
168,0.549934006758151,4,12.3193717065826,"bubble",49,196
169,0.778672087028157,5,10.4819942800491,"gaussian",52,260
170,0.632353849130799,4,3.35561077913968,"bubble",13,52
171,0.575363323664991,5,8.64431129024364,"bubble",43,215
172,0.607493598689674,4,5.40756548500154,"gaussian",22,88
173,0.551884103547782,4,12.59870184812,"gaussian",50,200
174,0.850913825382944,3,10.5371646258817,"gaussian",32,96
175,0.594425164139946,3,5.97008820473682,"bubble",18,54
176,0.794451726647676,5,12.4642135719163,"gaussian",62,310
177,0.830019336872734,5,7.94595225219848,"gaussian",40,200
178,0.900531705604517,5,6.19184231127612,"gaussian",31,155
179,0.516823512951029,4,6.83358124246355,"gaussian",27,108
180,0.680853842751123,3,8.43124836644158,"bubble",25,75
181,0.757803008185932,3,3.52923210663255,"bubble",11,33
182,0.659962940340978,4,12.2962269920344,"bubble",49,196
183,0.574165429268265,5,6.34117575305281,"gaussian",32,160
184,0.774289761240478,3,10.9555429461459,"bubble",33,99
185,0.760650284032687,4,3.62395388826961,"gaussian",14,56
186,0.772898289907374,5,8.41943944965955,"gaussian",42,210
187,0.676448399167508,5,11.1293791361898,"gaussian",56,280
188,0.693020373546751,4,5.70295499342261,"gaussian",23,92
189,0.744376489971764,3,4.92089270252502,"gaussian",15,45
190,0.798189110789215,5,12.619532469085,"gaussian",63,315
191,0.875694677340565,5,4.69488029309083,"bubble",23,115
192,0.723978879740811,5,5.1503637603391,"bubble",26,130
193,0.761045366430073,4,6.62344172443729,"gaussian",26,104
194,0.89396633084619,5,9.52290455566021,"gaussian",48,240
195,0.901865924820071,5,4.67816610656446,"gaussian",23,115
196,0.598607636118308,4,11.4192511969293,"bubble",46,184
197,0.749095314159291,3,3.43957556329435,"gaussian",10,30
198,0.765273039020249,4,12.3366152905067,"bubble",49,196
199,0.785217122017057,5,11.0397144080233,"gaussian",55,275
200,0.974453810716979,3,10.2887026342074,"bubble",31,93
201,0.62963972647523,4,9.59592437981861,"gaussian",38,152
202,0.773736460967804,3,5.16965358968824,"bubble",16,48
203,0.918715233512805,3,7.37739057431463,"bubble",22,66
204,0.739973382793483,4,5.08425851266598,"bubble",20,80
205,0.784255245532026,3,9.0427256334573,"bubble",27,81
206,0.979556647867663,3,3.77252195370151,"gaussian",11,33
207,0.559869389507105,3,8.77833885087166,"gaussian",26,78
208,0.722045175642706,5,7.10107016047928,"gaussian",36,180
209,0.588978814449627,3,11.7801926268754,"bubble",35,105
210,0.933619470487814,5,8.14416252762079,"bubble",41,205
211,0.881506263387972,5,10.8728765351046,"bubble",54,270
212,0.827079144758172,3,11.9504937708983,"bubble",36,108
213,0.950057965743123,3,5.84931805228815,"bubble",18,54
214,0.690318739298265,3,12.2688068590011,"gaussian",37,111
215,0.560360851705889,4,3.4155655473331,"gaussian",14,56
216,0.801111772712902,3,6.49977037100587,"bubble",19,57
217,0.822754149453831,4,10.9678416263778,"bubble",44,176
218,0.976438954169396,4,6.06803538670763,"bubble",24,96
219,0.724820101997931,3,9.82592052657623,"bubble",29,87
220,0.681475680246134,3,3.20518879233627,"gaussian",10,30
221,0.592696065318887,4,3.85977187903831,"bubble",15,60
222,0.587218117682962,3,5.9809143335768,"gaussian",18,54
223,0.506110481550801,3,8.87733373903669,"gaussian",27,81
224,0.967275690978859,3,8.31284910823451,"gaussian",25,75
225,0.862715556380455,4,6.70711761500686,"gaussian",27,108
226,0.642499110909412,4,12.6574439091864,"bubble",51,204
227,0.753706148674013,5,4.70799743177602,"bubble",24,120
228,0.538451222447329,4,3.93912164045498,"bubble",16,64
229,0.99634563540516,4,7.77025542470161,"gaussian",31,124
230,0.509657849826501,5,10.2279142506234,"bubble",51,255
231,0.738803571115132,3,12.5792141818628,"gaussian",38,114
232,0.897330078182742,4,8.75748936058953,"bubble",35,140
233,0.534635304949014,4,4.83236579507822,"bubble",19,76
234,0.962316670195898,3,8.24728906183736,"gaussian",25,75
235,0.935148319696891,3,4.27394636383746,"gaussian",13,39
236,0.572196203091298,5,3.26412908444181,"gaussian",16,80
237,0.565112033801852,3,11.9861456281692,"gaussian",36,108
238,0.678596042866702,5,3.79626234938623,"gaussian",19,95
239,0.651069336964632,3,10.6623022335907,"gaussian",32,96
240,0.936609581361175,5,5.05200107991928,"gaussian",25,125
241,0.890561465902603,3,6.28083597558783,"gaussian",19,57
242,0.888011964404373,3,8.79993919304805,"bubble",26,78
243,0.629380926709855,4,6.77069952087244,"gaussian",27,108
244,0.509457418529782,4,12.0986703854357,"gaussian",48,192
245,0.96004604637064,3,6.8194367515808,"gaussian",20,60
246,0.576374627079233,5,9.40589991739718,"gaussian",47,235
247,0.747517806150019,3,3.39528664407087,"gaussian",10,30
248,0.593737403649953,3,10.73222957402,"gaussian",32,96
249,0.985840775654768,4,6.35384148914134,"bubble",25,100
250,0.740944052971783,5,4.08496861095773,"bubble",20,100
251,0.69830379418307,5,5.90732143534347,"gaussian",30,150
252,0.560885535552981,3,12.2156730203563,"gaussian",37,111
253,0.516189073449466,3,9.81813476273557,"gaussian",29,87
254,0.517887630461715,4,12.4460098707257,"gaussian",50,200
255,0.551405044232611,5,4.4886769725359,"gaussian",22,110
256,0.624031525296043,3,5.61727080548648,"gaussian",17,51
257,0.507980279874755,5,11.1983904321445,"gaussian",56,280
258,0.642817672887817,4,4.77876854537055,"bubble",19,76
259,0.998139632431441,4,8.89073274655268,"bubble",36,144
260,0.512124529148452,3,10.429496018698,"gaussian",31,93
261,0.759549014298827,3,12.6366433582385,"gaussian",38,114
262,0.522648783935117,4,8.33599221655866,"bubble",33,132
263,0.744532327125082,5,5.75478421969805,"bubble",29,145
264,0.776583126903512,4,3.45606040116167,"gaussian",14,56
265,0.590801842572168,5,5.604053012277,"gaussian",28,140
266,0.859704451781232,3,10.8502909358591,"bubble",33,99
267,0.501079872952076,3,10.1131210639258,"bubble",30,90
268,0.51458271022432,5,10.7793309117295,"gaussian",54,270
269,0.681672758242348,3,11.7169367068214,"bubble",35,105
270,0.670554698956665,5,7.08863451916957,"bubble",35,175
271,0.808505377560621,3,8.63590707994532,"gaussian",26,78
272,0.576552565683145,3,9.12701300085522,"gaussian",27,81
273,0.508990410619415,5,6.37810567923589,"bubble",32,160
274,0.770202807323076,3,10.6512674082909,"bubble",32,96
275,0.59737411338347,4,7.13894293410005,"bubble",29,116
276,0.85591794452013,4,6.2213832288608,"bubble",25,100
277,0.64319755480194,3,4.64299123234116,"gaussian",14,42
278,0.596571370210149,5,12.4256639449764,"gaussian",62,310
279,0.950908993554651,3,3.73176480348222,"bubble",11,33
280,0.689717203038163,3,11.6351369802118,"bubble",35,105
281,0.525295071096043,5,7.26068816684885,"bubble",36,180
282,0.780747095225495,4,3.81506922435015,"bubble",15,60
283,0.806082362572546,3,9.85440574258566,"gaussian",30,90
284,0.821027924611,3,6.17718753361143,"gaussian",19,57
285,0.653977029713336,4,9.99479795442196,"gaussian",40,160
286,0.964965808805078,5,11.0153092339309,"bubble",55,275
287,0.705708485643379,3,9.80118342982838,"bubble",29,87
288,0.733269811933278,3,9.30734524773434,"gaussian",28,84
289,0.918165835607797,3,6.79161984302104,"gaussian",20,60
290,0.752418511288473,3,3.33448578457115,"gaussian",10,30
291,0.877474654090125,4,4.61478671708843,"gaussian",18,72
292,0.554015240676468,3,12.1587848763587,"bubble",36,108
293,0.771788900970947,3,12.7941167459008,"bubble",38,114
294,0.800396842688206,5,3.11029690998606,"bubble",16,80
295,0.898422116826754,3,3.48639951419085,"gaussian",10,30
296,0.640032554150093,5,7.31544422892854,"bubble",37,185
297,0.54855814784742,5,12.0533904841915,"gaussian",60,300
298,0.927375182877411,3,12.2769251684775,"gaussian",37,111
299,0.890134459432913,4,3.36134285373613,"gaussian",13,52
300,0.864677183942753,3,6.04248841076856,"gaussian",18,54
301,0.808245556374895,5,5.53859794042539,"bubble",28,140
302,0.558005755415768,5,5.58843171504093,"bubble",28,140
303,0.609585749053978,5,10.9428776798863,"gaussian",55,275
304,0.698857342479983,3,4.60352763543138,"bubble",14,42
305,0.709244240320753,3,4.30208023560466,"gaussian",13,39
306,0.684620251092943,5,3.23148805609671,"bubble",16,80
307,0.816224366882234,5,9.0779287093319,"gaussian",45,225
308,0.869144384780782,3,3.17322606602916,"gaussian",10,30
309,0.892482299151481,3,12.0127872420498,"gaussian",36,108
310,0.759158462203108,5,9.0319887992274,"bubble",45,225
311,0.809567708719638,3,6.10431772344047,"gaussian",18,54
312,0.746541096918285,3,7.47978563530836,"gaussian",22,66
313,0.502547416365705,5,8.21000080727507,"gaussian",41,205
314,0.72072196631215,3,10.1382707959251,"gaussian",30,90
315,0.537828323719208,5,12.7279554474587,"gaussian",64,320
316,0.666258608268807,5,12.6648754374241,"gaussian",63,315
317,0.66243990906002,5,10.4140948769427,"gaussian",52,260
318,0.982595357001992,5,3.32022078539711,"gaussian",17,85
319,0.991435047925566,3,5.76431654268876,"gaussian",17,51
320,0.970735975310439,4,5.13606910326285,"gaussian",21,84
321,0.527717361958348,4,3.46953609414166,"gaussian",14,56
322,0.897755126874079,3,11.5044442373072,"gaussian",35,105
323,0.844543682444724,3,11.6841875624307,"gaussian",35,105
324,0.50389100376144,3,9.42461065817391,"gaussian",28,84
325,0.536515817496809,4,8.35528366465587,"gaussian",33,132
326,0.696050474694348,3,3.76476320536807,"gaussian",11,33
327,0.655249995968072,5,12.4160776646622,"gaussian",62,310
328,0.911433514667791,3,3.56128499075072,"bubble",11,33
329,0.97787710794108,3,4.7571622034139,"gaussian",14,42
330,0.5211450082761,3,3.99488235612866,"gaussian",12,36
331,0.513016914815991,4,10.0617613638565,"bubble",40,160
332,0.719279428086127,4,3.60395114743384,"bubble",14,56
333,0.636249912496423,4,4.14644697832642,"gaussian",17,68
334,0.97490621670126,4,10.6148876826395,"gaussian",42,168
335,0.968641270451364,5,5.3193311377475,"gaussian",27,135
336,0.730978250467451,3,11.6291221528314,"gaussian",35,105
337,0.541761505414965,4,5.09093946111854,"gaussian",20,80
338,0.800824083222658,5,4.35569096328458,"bubble",22,110
339,0.723031756996294,4,11.2717135868571,"bubble",45,180
340,0.693740938339382,3,5.72838517445605,"gaussian",17,51
341,0.972082018318004,4,3.00686465954874,"bubble",12,48
342,0.600099726550281,3,5.5204761521169,"bubble",17,51
343,0.507438445081119,5,9.57887549456674,"bubble",48,240
344,0.930647195973084,4,9.74657405729638,"gaussian",39,156
345,0.504679783253698,5,6.36651801172411,"bubble",32,160
346,0.983212696465198,3,5.55069817652926,"gaussian",17,51
347,0.58834283002431,4,6.3289757715119,"bubble",25,100
348,0.833409485926502,5,9.19577580744866,"gaussian",46,230
349,0.635002172988257,4,8.98096800400177,"gaussian",36,144
350,0.889335003737244,3,12.9016966135846,"bubble",39,117
351,0.679170127451187,5,5.94996151720639,"bubble",30,150
352,0.520155223987647,3,6.26128857480362,"gaussian",19,57
353,0.543319359816727,5,7.17302108517382,"bubble",36,180
354,0.626907428938313,3,3.92078080147039,"gaussian",12,36
355,0.953240881904843,3,7.46834612832637,"bubble",22,66
356,0.502024934156332,3,3.89533216504613,"gaussian",12,36
357,0.65073958169017,3,11.72840255138,"gaussian",35,105
358,0.682673196819145,5,6.31080324875889,"bubble",32,160
359,0.886433773565572,5,9.36830894901883,"gaussian",47,235
360,0.807886296162265,3,7.03620596221648,"gaussian",21,63
361,0.986979357492179,3,4.72912248814944,"bubble",14,42
362,0.856835016572732,5,6.07290942635853,"bubble",30,150
363,0.607647808431648,4,12.8667519361246,"gaussian",51,204
364,0.622262257170049,5,5.74330450372538,"bubble",29,145
365,0.510745497476426,4,6.05806054557208,"gaussian",24,96
366,0.980280612496776,3,11.9196223347192,"gaussian",36,108
367,0.542974847825244,4,11.1097533020726,"bubble",44,176
368,0.656919803957222,3,3.61689334102673,"gaussian",11,33
369,0.547218698078417,5,8.91037785070715,"gaussian",45,225
370,0.593100941265235,4,11.4736819051765,"gaussian",46,184
371,0.51009725424333,4,7.98427726606373,"bubble",32,128
372,0.971747180888429,5,5.12788465012796,"bubble",26,130
373,0.846020385218435,5,7.92002518181223,"bubble",40,200
374,0.957962861009058,3,5.46733787900303,"gaussian",16,48
375,0.636514743219828,3,12.3781370883295,"gaussian",37,111
376,0.506901947404491,4,5.68825574852293,"gaussian",23,92
377,0.615215755065205,4,4.07990984789329,"bubble",16,64
378,0.638974694791948,3,7.63571353622014,"bubble",23,69
379,0.747498266823124,3,12.1357413636148,"bubble",36,108
380,0.654056046366226,5,3.21431327983504,"gaussian",16,80
381,0.849547799905529,4,8.03948673157487,"gaussian",32,128
382,0.763516264877399,3,7.53626177485101,"gaussian",23,69
383,0.549479198720306,5,3.69188396567712,"bubble",18,90
384,0.685598432601197,3,7.97158836802933,"gaussian",24,72
385,0.517365798022249,3,6.59334572335705,"gaussian",20,60
386,0.524867225577007,3,3.29392045452958,"bubble",10,30
387,0.86009155619645,4,10.1489776205947,"gaussian",41,164
388,0.961959925064119,4,4.52646434683818,"bubble",18,72
389,0.794942967550014,5,6.4896384684206,"gaussian",32,160
390,0.895656618852518,4,3.34458631958114,"bubble",13,52
391,0.750429266742081,3,5.93111512734089,"gaussian",18,54
392,0.727640987558756,3,6.01204696649453,"bubble",18,54
393,0.784857935896027,3,3.90426660859957,"gaussian",12,36
394,0.731087948594009,5,9.62147332794964,"bubble",48,240
395,0.554697746055666,5,5.28936753160786,"bubble",26,130
396,0.915101188339409,3,11.672105506761,"gaussian",35,105
397,0.695100090265507,4,11.4462664703932,"gaussian",46,184
398,0.823929027338978,3,4.62655877990881,"bubble",14,42
399,0.577519063031184,5,7.19417013714323,"gaussian",36,180
400,0.739342011640547,3,9.49377578038722,"gaussian",28,84
401,0.968171597176697,5,3.30407197590685,"bubble",17,85
402,0.792991836882429,4,9.46821136453189,"gaussian",38,152
403,0.546206723508891,5,10.0583392332331,"gaussian",50,250
404,0.824502872166107,4,9.05344183007255,"gaussian",36,144
405,0.557838230539928,5,6.8403762839688,"gaussian",34,170
406,0.786744247975061,3,6.16677787354682,"gaussian",19,57
407,0.831516006706748,3,7.68853592935251,"gaussian",23,69
408,0.852451760735246,3,7.99981325381203,"gaussian",24,72
409,0.738498240765301,3,7.87627773272572,"gaussian",24,72
410,0.702992138416041,3,5.59928171257488,"gaussian",17,51
411,0.894706810257863,4,3.83118132505333,"bubble",15,60
412,0.515554264646373,5,5.19843010207638,"gaussian",26,130
413,0.608213239216479,5,5.41190934273647,"bubble",27,135
414,0.648677122799796,3,4.65862134708092,"bubble",14,42
415,0.65208661863103,5,3.09355401387671,"gaussian",15,75
416,0.586538173504989,5,6.97004445606843,"bubble",35,175
417,0.910550556885777,3,4.96599895733176,"gaussian",15,45
418,0.782732464714791,5,4.40021373323631,"gaussian",22,110
419,0.644817623254727,4,4.56784050113522,"gaussian",18,72
420,0.721603588073398,3,8.29409554069862,"gaussian",25,75
421,0.563733470030944,4,10.1990686292364,"gaussian",41,164
422,0.847447485969402,5,4.5451219932572,"gaussian",23,115
423,0.561863095632289,5,5.65902422187384,"gaussian",28,140
424,0.617120737966383,5,4.20589765001088,"bubble",21,105
425,0.793305465420242,3,4.4990160731622,"gaussian",13,39
426,0.778127471612766,3,9.28545906923944,"gaussian",28,84
427,0.963670696666697,3,3.1978969680029,"bubble",10,30
428,0.566578807977959,4,10.5019748310139,"gaussian",42,168
429,0.667929961402551,3,6.98861675332068,"gaussian",21,63
430,0.829561792402063,3,9.54948015602771,"bubble",29,87
431,0.591533004269237,4,5.96340562564088,"gaussian",24,96
432,0.570687379624229,4,11.242798985485,"bubble",45,180
433,0.508304156711907,4,3.14142505073687,"gaussian",13,52
434,0.70463459457329,3,11.4655958380061,"gaussian",34,102
435,0.815398843752919,5,6.52433445042698,"gaussian",33,165
436,0.774594958515838,3,12.7770853856602,"bubble",38,114
437,0.701889007042395,4,7.23609119727742,"gaussian",29,116
438,0.529094242580235,4,10.6423477231245,"gaussian",43,172
439,0.92994044861244,5,12.9549295013514,"gaussian",65,325
440,0.500355855800211,4,8.57860732400324,"bubble",34,136
441,0.514010871018283,5,4.84892070252448,"bubble",24,120
442,0.803622469742433,3,7.34162358336383,"bubble",22,66
443,0.552822722508688,5,12.3897691039392,"bubble",62,310
444,0.658047097493545,4,10.6768990036286,"gaussian",43,172
445,0.53054998460738,5,9.55614100064384,"gaussian",48,240
446,0.610820020601153,5,9.9529184178845,"gaussian",50,250
447,0.906402884412906,3,9.37538519308204,"gaussian",28,84
448,0.790891063174698,3,5.80668862496736,"gaussian",17,51
449,0.67734519801545,4,8.05798079243396,"bubble",32,128
450,0.587791586241685,5,9.77593533020699,"gaussian",49,245
451,0.970084096490406,3,9.06910497191828,"gaussian",27,81
452,0.840587740277173,3,11.6147751810472,"bubble",35,105
453,0.599416054115398,3,4.3262559754937,"bubble",13,39
454,0.712701419998193,3,12.8102487698896,"bubble",38,114
455,0.535456585120875,4,4.34389847568702,"gaussian",17,68
456,0.923094849069021,5,12.0070984849939,"gaussian",60,300
457,0.548485313134501,4,6.46648182622157,"bubble",26,104
458,0.596001585953869,5,11.3723730769055,"bubble",57,285
459,0.925943056987366,4,3.44703702888684,"gaussian",14,56
460,0.515397621881799,5,7.79630555626936,"gaussian",39,195
461,0.520909467058606,4,3.67748094490729,"bubble",15,60
462,0.663215994676109,3,4.78313414060744,"gaussian",14,42
463,0.793588576403446,3,9.6785173445032,"bubble",29,87
464,0.673572959708632,3,5.22404694566038,"gaussian",16,48
465,0.544725872457377,3,12.7503117292933,"gaussian",38,114
466,0.56345024719194,5,10.2680847944552,"bubble",51,255
467,0.505208100717748,4,12.4750001590722,"gaussian",50,200
468,0.590227276335238,4,7.50040463233599,"gaussian",30,120
469,0.52182504739298,5,9.11703631646465,"gaussian",46,230
470,0.753384539109771,4,7.1154012033646,"gaussian",28,112
471,0.611487652014592,3,6.08409067749977,"bubble",18,54
472,0.544461910272948,4,9.22476379605709,"gaussian",37,148
473,0.528861913999892,4,7.45307610203978,"gaussian",30,120
474,0.680194181771833,5,3.54236517191865,"bubble",18,90
475,0.602932155772694,4,5.3817487965175,"bubble",22,88
476,0.928366970960284,3,4.86152990924893,"bubble",15,45
477,0.948292742842226,4,8.07003160933498,"gaussian",32,128
478,0.675807261876529,3,12.3026422863081,"gaussian",37,111
479,0.995875034437748,3,3.7035440520267,"gaussian",11,33
480,0.58231111891428,5,8.72743845238118,"gaussian",44,220
481,0.935576509661973,5,3.03417632841738,"bubble",15,75
482,0.845906119891792,3,4.5723940583691,"gaussian",14,42
483,0.884632984708529,5,7.39705099292565,"gaussian",37,185
484,0.914956154936459,4,6.09855842348887,"bubble",24,96
485,0.783532292352291,3,3.04782122473931,"gaussian",9,27
486,0.796673797160503,3,11.3033691956475,"gaussian",34,102
487,0.846608749440406,3,8.26078454564791,"bubble",25,75
488,0.637001360790105,4,9.0890585629968,"gaussian",36,144
489,0.530353122266824,5,12.626933494017,"gaussian",63,315
490,0.613817014912376,5,12.9637118757563,"gaussian",65,325
491,0.716773092079675,4,12.1639626412117,"gaussian",49,196
492,0.947915304658003,3,7.07979187446414,"gaussian",21,63
493,0.556599999654689,5,11.0682325204229,"gaussian",55,275
494,0.717499348059879,3,11.9217516918783,"bubble",36,108
495,0.841765691323322,4,3.72982372566359,"bubble",15,60
496,0.603958777175285,3,3.40004523206735,"gaussian",10,30
497,0.585564741333015,3,9.65337507491931,"gaussian",29,87
498,0.616988058956107,4,4.73407271554461,"gaussian",19,76
499,0.96550927572092,4,12.7681456807442,"gaussian",51,204
500,0.556322835730039,3,11.3180206096917,"gaussian",34,102
501,0.513900864536292,4,5.06022378233261,"bubble",20,80
502,0.555824159661191,3,3.50676081379643,"gaussian",11,33
503,0.836708537576254,3,12.0343360435776,"gaussian",36,108
504,0.599797086826642,3,3.78952931220643,"gaussian",11,33
505,0.71863267992367,5,12.834581117644,"gaussian",64,320
506,0.703710274068755,3,5.87689532791497,"bubble",18,54
507,0.884363756797276,4,11.2942008316354,"gaussian",45,180
508,0.639549058668548,3,12.8838421412278,"bubble",39,117
509,0.691066228989046,3,10.2375441820733,"gaussian",31,93
510,0.557200696858228,3,5.03660028517246,"gaussian",15,45
511,0.528449609992676,3,4.23121446343604,"bubble",13,39
512,0.954717584903468,4,6.71158874706598,"gaussian",27,108
513,0.855486589519307,3,4.88304137468571,"gaussian",15,45
514,0.976853650472593,3,10.8028801170504,"gaussian",32,96
515,0.673431311562192,4,6.63514987821691,"bubble",27,108
516,0.531092371260282,4,3.3184708808572,"bubble",13,52
517,0.518667125199805,4,9.29804905890254,"bubble",37,148
518,0.550979376846924,3,10.6803554002428,"gaussian",32,96
519,0.702250448792358,5,7.95195911955787,"bubble",40,200
520,0.592108342969907,3,7.75163853733102,"gaussian",23,69
521,0.634728978633299,5,4.76894675930496,"gaussian",24,120
522,0.565624949514051,4,4.09082469047978,"gaussian",16,64
523,0.525712531881523,5,12.8449028430809,"bubble",64,320
524,0.538896001929068,5,5.32547043048311,"gaussian",27,135
525,0.625575085174292,5,5.51548334751744,"gaussian",28,140
526,0.798594635297428,3,10.4697415777203,"gaussian",31,93
527,0.737514151672483,4,9.78152796332724,"gaussian",39,156
528,0.789373850667616,5,5.14825757067651,"gaussian",26,130
529,0.94677731415967,4,5.54843837216264,"gaussian",22,88
530,0.617632614283124,5,4.95740346070612,"gaussian",25,125
531,0.641695302972221,3,6.47468179115327,"gaussian",19,57
532,0.78328333021875,5,8.48727370667737,"gaussian",42,210
533,0.632747976432205,3,11.1464794155071,"gaussian",33,99
534,0.663973948918516,5,3.8607033060398,"gaussian",19,95
535,0.626267766557517,5,7.41425058315974,"bubble",37,185
536,0.523962051479612,4,10.0239126453036,"bubble",40,160
537,0.505640910396934,3,5.77704237426864,"bubble",17,51
538,0.980593008753145,3,3.13860031547025,"gaussian",9,27
539,0.649418340065051,3,7.86748224853072,"gaussian",24,72
540,0.860568879019585,5,12.5489931366546,"bubble",63,315
541,0.803316073964932,4,4.7128133715759,"bubble",19,76
542,0.767110537962872,4,5.35926713169785,"gaussian",21,84
543,0.577453857729328,5,3.27276986903977,"bubble",16,80
544,0.926297612888971,4,5.92096319016535,"bubble",24,96
545,0.962520477478742,5,6.89819015460555,"gaussian",34,170
546,0.779463480349164,3,10.2560010517947,"gaussian",31,93
547,0.785835632099188,4,11.3935039372044,"gaussian",46,184
548,0.540108684752369,4,11.358934234865,"gaussian",45,180
549,0.791326055245125,5,3.75968132987386,"gaussian",19,95
550,0.595468765159952,5,11.8408313738904,"gaussian",59,295
551,0.640796720145852,3,8.85441021620762,"gaussian",27,81
552,0.804235336159822,5,4.58979909385089,"bubble",23,115
553,0.519252203737036,3,6.00810520996107,"bubble",18,54
554,0.940393917434732,3,10.2913840220543,"gaussian",31,93
555,0.501699661459425,4,4.82116801020456,"gaussian",19,76
556,0.859408547488856,4,8.16237712521572,"gaussian",33,132
557,0.863414426915464,5,5.64692672741367,"bubble",28,140
558,0.534439343924168,3,12.1756955521926,"bubble",37,111
559,0.905308038784773,5,9.64842054809444,"bubble",48,240
560,0.652756798161776,4,11.3344209480868,"gaussian",45,180
561,0.883717304686899,5,6.13061553889886,"gaussian",31,155
562,0.941941121002426,4,3.02485932393232,"gaussian",12,48
563,0.550044171452988,5,4.00733058628859,"bubble",20,100
564,0.571764068586868,3,4.24004363709595,"gaussian",13,39
565,0.857106343472376,3,9.61086204572115,"gaussian",29,87
566,0.555018331171828,5,7.64025648090523,"gaussian",38,190
567,0.536362136366195,3,6.5571809451282,"gaussian",20,60
568,0.851818406734034,4,8.92062912584515,"gaussian",36,144
569,0.737195022815373,5,6.90279468350345,"gaussian",35,175
570,0.668196901994292,5,3.91530019233003,"bubble",20,100
571,0.503461068167933,4,6.6468110301625,"gaussian",27,108
572,0.710824760524323,3,7.60876963266404,"bubble",23,69
573,0.524155171779101,5,11.3451541009708,"bubble",57,285
574,0.56271394207899,4,12.1418901846069,"bubble",49,196
575,0.567795601200312,5,6.54460988373496,"gaussian",33,165
576,0.526675423000357,5,4.28795419852948,"gaussian",21,105
577,0.995339661527541,4,10.8354221522226,"gaussian",43,172
578,0.633406108419993,5,10.9712288353569,"bubble",55,275
579,0.872451122466358,4,4.91828563711606,"bubble",20,80
580,0.63128880322387,4,12.948615422463,"gaussian",52,208
581,0.762177366566844,5,4.90871590889525,"gaussian",25,125
582,0.718353423095541,5,6.57386202031514,"gaussian",33,165
583,0.713418196055223,4,5.2104663000768,"gaussian",21,84
584,0.683034570382326,4,3.53363780584419,"bubble",14,56
585,0.630198375582113,4,5.88682321397355,"gaussian",24,96
586,0.654562974120257,5,8.62876277192961,"gaussian",43,215
587,0.666925294911955,5,4.33546687307302,"bubble",22,110
588,0.982393624076503,5,9.8851937568537,"bubble",49,245
589,0.993593679102603,3,3.07174907458713,"bubble",9,27
590,0.564681072230218,4,7.2402623800654,"gaussian",29,116
591,0.722650271322927,3,11.2565596685838,"gaussian",34,102
592,0.990433877588599,4,6.0385292301164,"bubble",24,96
593,0.500775271983119,3,7.15369954422582,"gaussian",21,63
594,0.83201603622688,4,3.65921036102809,"gaussian",15,60
595,0.714571104326867,4,5.36102746918099,"gaussian",21,84
596,0.689067637833767,4,7.16697991729714,"gaussian",29,116
597,0.776122207177919,3,10.9219308591727,"gaussian",33,99
598,0.659247965487652,5,6.69768861918012,"gaussian",33,165
599,0.584365557666984,3,6.86105075635249,"gaussian",21,63
600,0.952997357576503,5,9.00758016323205,"gaussian",45,225
601,0.6694330128039,4,8.74360888356809,"gaussian",35,140
602,0.614988482130691,5,8.90630870482419,"gaussian",45,225
603,0.649928084279993,3,12.6896050971304,"bubble",38,114
604,0.942820520803565,4,5.67086304181023,"gaussian",23,92
605,0.769435796399601,5,4.0169763875776,"gaussian",20,100
606,0.82427608996362,3,12.2387936235289,"bubble",37,111
607,0.956045449523255,4,4.66374653323321,"bubble",19,76
608,0.668799358345452,3,3.08172053452581,"bubble",9,27
609,0.870864380049054,5,12.9131891674129,"bubble",65,325
610,0.928938713470008,4,3.3756735519506,"gaussian",14,56
611,0.621322464077035,4,7.0469768578955,"gaussian",28,112
612,0.661773673660122,5,9.43692754856544,"gaussian",47,235
613,0.726570528635406,4,3.42539490411524,"gaussian",14,56
614,0.608805164904217,5,4.02402884082869,"gaussian",20,100
615,0.960675322572701,5,11.0223208670248,"gaussian",55,275
616,0.977139129730058,4,6.75216096753022,"bubble",27,108
617,0.949407901993487,3,9.48701777107548,"gaussian",28,84
618,0.645056196330697,4,10.7292491219658,"gaussian",43,172
619,0.53713405677001,3,4.42346592427464,"gaussian",13,39
620,0.975493993421202,3,12.8771101709385,"bubble",39,117
621,0.871207646472962,5,11.4344132301584,"gaussian",57,285
622,0.670206061103963,5,7.67384709425503,"gaussian",38,190
623,0.734621884746593,3,10.499836956549,"bubble",31,93
624,0.692056262549479,4,6.43277682783781,"gaussian",26,104
625,0.8067593717454,5,11.7060072099674,"gaussian",59,295
626,0.90967496453342,5,3.28786296432838,"bubble",16,80
627,0.60190957053646,4,5.47116929581854,"bubble",22,88
628,0.728007510515512,4,3.47411295413738,"gaussian",14,56
629,0.583640623539686,4,3.01432325580856,"bubble",12,48
630,0.511222967681359,3,8.58680124670966,"bubble",26,78
631,0.627431802030769,3,7.8515188660752,"bubble",24,72
632,0.602034517708351,3,5.34523327477509,"gaussian",16,48
633,0.861878204891691,5,10.5570379629149,"gaussian",53,265
634,0.637887050694087,4,8.38267932089046,"gaussian",34,136
635,0.878480615961482,3,9.51668232085882,"gaussian",29,87
636,0.561484066847013,3,5.43136510570534,"bubble",16,48
637,0.657412049110047,3,6.29587879661936,"bubble",19,57
638,0.854632315555937,3,3.25481646412285,"gaussian",10,30
639,0.687000602809014,3,7.33453106778907,"bubble",22,66
640,0.665473997590132,3,7.40716721287929,"gaussian",22,66
641,0.853236697345623,3,4.10822222678456,"bubble",12,36
642,0.755290209063795,5,6.58494047086453,"bubble",33,165
643,0.827677367529715,5,7.74617847758345,"bubble",39,195
644,0.532084133061813,3,10.9380248572887,"gaussian",33,99
645,0.978255308618071,4,8.78406819247873,"gaussian",35,140
646,0.971015244686394,5,10.8175310513051,"gaussian",54,270
647,0.735377633563126,5,11.0020526090264,"gaussian",55,275
648,0.969378296262585,5,8.50599019423593,"gaussian",43,215
649,0.684212709394167,4,5.63840731666423,"bubble",23,92
650,0.864154204453458,5,4.46192889732309,"gaussian",22,110
651,0.657637230721652,4,5.3043704990577,"bubble",21,84
652,0.896173280685674,3,12.8053702347749,"bubble",38,114
653,0.67833216897829,4,12.1226947399089,"bubble",48,192
654,0.967583672610694,5,3.84929707449861,"bubble",19,95
655,0.8993079884412,5,5.8332145274058,"bubble",29,145
656,0.641494190979633,4,12.5620555107389,"bubble",50,200
657,0.919221235603094,4,7.0116449754918,"bubble",28,112
658,0.933464682251564,5,7.88007894836366,"gaussian",39,195
659,0.912528042860678,5,7.91198488856433,"gaussian",40,200
660,0.856104446983896,4,8.82880530794617,"gaussian",35,140
661,0.730181021240074,5,6.40942933082348,"bubble",32,160
662,0.669721309355227,4,4.11455613492522,"gaussian",16,64
663,0.661311123897205,5,10.9016198326042,"gaussian",55,275
664,0.98635681600438,4,12.9317476313119,"gaussian",52,208
665,0.639307391486131,5,6.6850906745973,"gaussian",33,165
666,0.575620129760122,3,3.18584819988348,"bubble",10,30
667,0.957252288109506,3,10.0172977064154,"bubble",30,90
668,0.866526508340729,4,11.665567979638,"gaussian",47,188
669,0.688457808955805,3,9.75320222080685,"bubble",29,87
670,0.988860474903835,5,3.5125555990357,"gaussian",18,90
671,0.535787863028585,5,8.04421358464752,"bubble",40,200
672,0.664007287748973,3,10.1785133625823,"gaussian",31,93
673,0.749870366956806,5,7.71672069301829,"gaussian",39,195
674,0.996819864476449,3,8.01554523658939,"gaussian",24,72
675,0.600708490350284,5,3.38261057832278,"gaussian",17,85
676,0.984355505720479,3,4.55391915826593,"bubble",14,42
677,0.713632885620114,5,11.9347178491275,"gaussian",60,300
678,0.54664719222323,3,9.89520607667975,"gaussian",30,90
679,0.646327132568345,3,10.6229801196908,"gaussian",32,96
680,0.674115921468241,4,4.94431048740633,"bubble",20,80
681,0.964287543436745,4,3.55628607582999,"gaussian",14,56
682,0.975936380040366,4,6.85318010359304,"gaussian",27,108
683,0.604943758137408,3,12.2077087325207,"bubble",37,111
684,0.523164073317894,4,6.72361692129634,"bubble",27,108
685,0.69562608026783,5,5.57766153613105,"gaussian",28,140
686,0.724490886622574,4,5.20108184150886,"gaussian",21,84
687,0.926823470954667,5,11.6495112607558,"gaussian",58,290
688,0.942258755165851,3,10.3935042085499,"bubble",31,93
689,0.973617764475057,5,6.18273500462063,"gaussian",31,155
690,0.913488129369332,5,3.12050745875808,"gaussian",16,80
691,0.867215916549903,4,8.23984026676277,"bubble",33,132
692,0.628941239761887,5,3.82508581842762,"bubble",19,95
693,0.922494622701779,5,7.4203651293763,"bubble",37,185
694,0.68653452499304,4,8.0056417019316,"gaussian",32,128
695,0.619804153950419,4,10.5811641861522,"bubble",42,168
696,0.558827004769351,3,7.52302990520373,"gaussian",23,69
697,0.876669543674798,4,11.8553018734837,"gaussian",47,188
698,0.601279069935204,3,8.76297460971633,"gaussian",26,78
699,0.616099438681384,3,7.72872848310275,"bubble",23,69
700,0.989379249380319,4,10.1062754902756,"bubble",40,160
701,0.562119154197164,5,11.8327334528929,"bubble",59,295
702,0.719954113090644,4,3.16718001826433,"bubble",13,52
703,0.979403818884166,5,5.82347524914425,"bubble",29,145
704,0.683828295755549,3,8.80680706399027,"bubble",26,78
705,0.579820454152301,4,12.6794719344168,"bubble",51,204
706,0.543956642182195,3,4.93524845476262,"bubble",15,45
707,0.983605120187509,3,11.1609863506537,"bubble",33,99
708,0.813815686887829,4,7.12123659296194,"bubble",28,112
709,0.963143470536568,5,6.74363774158293,"gaussian",34,170
710,0.633978522760211,4,7.76112988978857,"bubble",31,124
711,0.708736140592839,4,9.83108970116591,"gaussian",39,156
712,0.638078871212318,3,9.41967128442367,"gaussian",28,84
713,0.696751290850458,4,11.8693221812486,"gaussian",47,188
714,0.650091611339478,3,7.80717398813693,"bubble",23,69
715,0.825614694385324,4,4.47396742727142,"gaussian",18,72
716,0.541494736625231,5,10.5407790689636,"bubble",53,265
717,0.992807297428953,3,12.8218154219911,"bubble",38,114
718,0.606151189675671,3,12.4527868508245,"bubble",37,111
719,0.644426366794854,3,9.1016700764792,"gaussian",27,81
720,0.545788055876852,4,9.63899496668484,"gaussian",39,156
721,0.581410253376351,4,3.63797757719876,"bubble",15,60
722,0.519997378372238,4,5.95075007998617,"bubble",24,96
723,0.674518642659648,5,4.50803076196695,"bubble",23,115
724,0.992203553956351,5,6.88060890800785,"bubble",34,170
725,0.618091996543692,5,8.70618179578334,"bubble",44,220
726,0.941378712617676,4,11.9405773975584,"gaussian",48,192
727,0.612601942276233,5,12.5362283026567,"bubble",63,315
728,0.891558071478503,4,4.43181092607323,"gaussian",18,72
729,0.754508702975116,5,9.14619626614265,"gaussian",46,230
730,0.627686461869511,3,11.9959432798158,"bubble",36,108
731,0.677628483590204,5,3.97656805094564,"gaussian",20,100
732,0.621775667891721,5,10.2066803902597,"bubble",51,255
733,0.598281193058472,5,9.23155886185355,"bubble",46,230
734,0.775373207518365,5,12.8935581749375,"bubble",64,320
735,0.568452693683445,3,8.86414565891726,"bubble",27,81
736,0.512524010348832,3,6.3949427764467,"bubble",19,57
737,0.736875828404096,3,8.12887982248562,"bubble",24,72
738,0.660221894255024,3,10.0805775253568,"bubble",30,90
739,0.578667468273896,3,3.94407823034562,"bubble",12,36
740,0.94320258419821,5,10.4772815690609,"gaussian",52,260
741,0.788108703917707,4,8.47139341808157,"gaussian",34,136
742,0.85794645518472,4,3.24196723500034,"bubble",13,52
743,0.504335626369109,3,11.3289244153979,"gaussian",34,102
744,0.93952878273034,5,5.62075778538128,"gaussian",28,140
745,0.692749387223972,4,3.05287786041852,"bubble",12,48
746,0.874342601259239,5,7.38214924461441,"gaussian",37,185
747,0.675338334827567,5,7.78078464513179,"gaussian",39,195
748,0.706324996227166,4,9.2582813480543,"gaussian",37,148
749,0.887498054474243,3,7.8422825861373,"gaussian",24,72
750,0.712402919955901,5,12.3207512880932,"gaussian",62,310
751,0.862392120613251,4,6.23210812158883,"gaussian",25,100
752,0.804607187487651,4,5.18609831454931,"gaussian",21,84
753,0.758591542502516,5,5.10349890975282,"bubble",26,130
754,0.920474659734056,5,4.59527084142901,"gaussian",23,115
755,0.867814461310743,4,6.11930439306889,"gaussian",24,96
756,0.721384716014843,5,8.25006146632135,"bubble",41,205
757,0.858393606749712,5,12.525047309401,"gaussian",63,315
758,0.786435515902005,3,9.50831484550145,"gaussian",29,87
759,0.619084946841584,5,8.30635445231106,"bubble",42,210
760,0.53919076499471,4,8.37252129377797,"gaussian",33,132
761,0.810930566011695,4,7.27694905003998,"gaussian",29,116
762,0.748530895891483,4,12.5805361823109,"bubble",50,200
763,0.773343307778006,4,7.73824152659858,"gaussian",31,124
764,0.929413029855001,5,12.4098055437231,"gaussian",62,310
765,0.662672581901774,5,9.3448861599341,"gaussian",47,235
766,0.893201464512851,4,4.297816875563,"bubble",17,68
767,0.832908961975714,4,6.41804341993993,"bubble",26,104
768,0.742456480631256,3,5.91263759646099,"bubble",18,54
769,0.875136817181599,5,6.14713888870319,"bubble",31,155
770,0.947062702425872,3,5.00595641667023,"bubble",15,45
771,0.615644301819732,3,7.57198856477393,"bubble",23,69
772,0.658687750765355,5,9.21617917682277,"gaussian",46,230
773,0.879265898393001,5,4.26254069041228,"gaussian",21,105
774,0.943685311151319,3,3.59701947634108,"bubble",11,33
775,0.648370029896148,3,9.35428240380017,"bubble",28,84
776,0.915951041037915,3,9.60271986873355,"bubble",29,87
777,0.908546491472749,5,3.1077024746337,"bubble",16,80
778,0.927727181703784,4,6.87199060282903,"gaussian",27,108
779,0.811092422568705,3,5.4931065335637,"bubble",16,48
780,0.733680697612115,5,9.17699655760545,"gaussian",46,230
781,0.751274078465533,3,4.41850766246906,"bubble",13,39
782,0.882074511606945,3,4.85333493691403,"bubble",15,45
783,0.651706455901032,3,11.1769813541463,"bubble",34,102
784,0.750761972962995,4,10.4097385039204,"gaussian",42,168
785,0.879535626058932,3,3.58657383753918,"bubble",11,33
786,0.764394146620063,3,8.83162700224901,"bubble",26,78
787,0.625250625064247,3,10.8988708095765,"bubble",33,99
788,0.907436492935871,5,4.21171037151478,"gaussian",21,105
789,0.779817192527815,4,4.80085138807539,"bubble",19,76
790,0.938837237237021,4,4.53833718907786,"bubble",18,72
791,0.583203173937625,3,10.6965502108401,"bubble",32,96
792,0.835492360703298,5,4.39942011595704,"bubble",22,110
793,0.999536491352599,4,7.02445441035554,"gaussian",28,112
794,0.70029912105517,3,4.63629734639311,"bubble",14,42
795,0.526321949143428,4,7.35712709810352,"bubble",29,116
796,0.559416711181402,4,6.56046727083623,"bubble",26,104
797,0.849445490242797,4,5.85450555011164,"gaussian",23,92
798,0.511926935009193,3,12.2870982147031,"bubble",37,111
799,0.757177066190867,5,7.66462561108638,"bubble",38,190
800,0.628290239356691,3,4.31646199416136,"bubble",13,39
801,0.647932345562265,5,9.96885566349374,"bubble",50,250
802,0.697704249576549,4,10.4402293359581,"gaussian",42,168
803,0.954212021353305,3,8.42321917284047,"gaussian",25,75
804,0.671561565610464,3,5.33920696370304,"bubble",16,48
805,0.999065121531719,4,11.5287105986965,"gaussian",46,184
806,0.552256599634653,4,8.54514479121426,"bubble",34,136
807,0.586452972539468,3,11.5945198743488,"bubble",35,105
808,0.72582116526959,4,8.11551883804146,"gaussian",32,128
809,0.831415977515513,3,11.4243514677859,"gaussian",34,102
810,0.766079868343309,4,11.5782475362485,"gaussian",46,184
811,0.735783203715342,3,4.18994878546335,"bubble",13,39
812,0.924455861130031,4,8.34341671510832,"gaussian",33,132
813,0.533962141153752,3,10.1802698482294,"bubble",31,93
814,0.715352940615034,4,6.60238404033706,"bubble",26,104
815,0.518045082237222,4,12.2243403298385,"bubble",49,196
816,0.740211831614259,4,3.80363265142776,"gaussian",15,60
817,0.910027774072252,3,5.42714045139728,"bubble",16,48
818,0.756693276158301,4,4.06490214021411,"gaussian",16,64
819,0.799320222920272,4,11.9675580152846,"gaussian",48,192
820,0.764603723417618,5,4.22306618448813,"gaussian",21,105
821,0.909383961743908,4,10.9996478828229,"gaussian",44,176
822,0.895458131831838,5,9.39976647626376,"gaussian",47,235
823,0.836094431878068,5,6.15653694337234,"bubble",31,155
824,0.80511870280141,5,6.65550565287704,"gaussian",33,165
825,0.955005174878519,5,9.73108966104686,"gaussian",49,245
826,0.981402452506707,5,7.8118954605097,"bubble",39,195
827,0.580196905240882,4,8.69796331797959,"bubble",35,140
828,0.802063644203125,3,8.73285950621357,"bubble",26,78
829,0.716450952319079,5,11.0911894855974,"bubble",55,275
830,0.805615405021468,4,5.24211978597101,"bubble",21,84
831,0.902557038482279,5,5.26344927861821,"bubble",26,130
832,0.887666216513142,4,12.9792452769587,"gaussian",52,208
833,0.847994227706222,5,10.6016097853729,"gaussian",53,265
834,0.725322757822461,4,8.229024694236,"gaussian",33,132
835,0.828671144252061,3,3.22434505726211,"bubble",10,30
836,0.59780046132789,3,7.43496429040795,"bubble",22,66
837,0.676526581918471,3,6.78704114070395,"bubble",20,60
838,0.906572325682035,3,7.25821257988457,"bubble",22,66
839,0.8117712883309,5,10.3062089377851,"gaussian",52,260
840,0.820345570235746,3,3.15002427378437,"bubble",9,27
841,0.610052106816089,5,8.45066226640483,"bubble",42,210
842,0.938124436309095,3,7.0925965293753,"bubble",21,63
843,0.837515638868557,5,3.71255275905598,"gaussian",19,95
844,0.604406964344555,4,11.8064960073959,"bubble",47,188
845,0.916229628895293,5,3.06402605411597,"bubble",15,75
846,0.944963897691458,5,12.109845057663,"bubble",61,305
847,0.605019472422311,4,7.51830166240688,"bubble",30,120
848,0.818430001656059,5,8.97878314103698,"gaussian",45,225
849,0.89855056247639,3,4.03772896531737,"bubble",12,36
850,0.865435578994919,3,4.44673429713817,"bubble",13,39
851,0.726227491232334,4,12.3968723039702,"bubble",50,200
852,0.645973195865401,5,9.91006775789429,"bubble",50,250
853,0.817386234116624,4,10.362318920258,"gaussian",41,164
854,0.782065438976977,4,6.66410301815253,"bubble",27,108
855,0.93020780970552,5,4.36591626466019,"bubble",22,110
856,0.772492204592214,4,8.81487759897718,"bubble",35,140
857,0.578331670719432,4,7.89890937547199,"bubble",32,128
858,0.635784509149264,4,8.99137339106295,"bubble",36,144
859,0.987019812393002,3,12.0707318364712,"gaussian",36,108
860,0.745606794922729,5,11.2895784176001,"gaussian",56,280
861,0.987593098420184,5,3.49196175175253,"gaussian",17,85
862,0.732129239181639,5,8.96196839243406,"bubble",45,225
863,0.57030781478167,3,7.61168029324617,"bubble",23,69
864,0.768243979186169,4,10.7635142101045,"gaussian",43,172
865,0.547680430607405,3,10.7467367224651,"bubble",32,96
866,0.951100256046862,4,11.7332824089681,"gaussian",47,188
867,0.522210139179952,3,7.69771997685311,"bubble",23,69
868,0.540582861369476,3,10.4565000755992,"bubble",31,93
869,0.959155078751617,3,7.48907692053122,"bubble",22,66
870,0.573186948296032,3,9.15638356510317,"bubble",27,81
871,0.605589866011171,3,10.1211734516476,"bubble",30,90
872,0.889739822572912,3,10.8629808237287,"bubble",33,99
873,0.812475440922892,5,6.76567592444364,"bubble",34,170
874,0.729088059289847,5,10.982398542338,"gaussian",55,275
875,0.701139534282847,5,12.0823356264387,"bubble",60,300
876,0.953889329188853,5,3.64453130891314,"gaussian",18,90
877,0.710425449733972,4,9.90983238966204,"bubble",40,160
878,0.932764587427024,3,6.12347942010034,"bubble",18,54
879,0.751986109014251,5,10.5997327926848,"bubble",53,265
880,0.902324683491257,4,9.01849932793295,"bubble",36,144
881,0.741220197066897,3,7.56236036024056,"bubble",23,69
882,0.760081893159309,4,4.17485175535549,"bubble",17,68
883,0.924991944521083,4,11.6082260095957,"bubble",46,184
884,0.732600997184054,5,12.7421362049947,"gaussian",64,320
885,0.752756721477723,5,3.88510812112596,"bubble",19,95
886,0.754007896711933,5,7.44692416657694,"gaussian",37,185
887,0.851474532166263,3,11.7735024615866,"bubble",35,105
888,0.682140849234653,5,12.7300134960515,"bubble",64,320
889,0.660602439272916,5,11.8850431099604,"bubble",59,295
890,0.989544453221024,4,9.72395352714695,"gaussian",39,156
891,0.911708907918655,3,5.25961755774915,"bubble",16,48
892,0.618813618811197,4,9.1313076654938,"bubble",37,148
893,0.634173157874728,3,10.372379952583,"bubble",31,93
894,0.792394962529186,3,5.23739782894729,"bubble",16,48
895,0.993162147214869,3,12.3499275302445,"bubble",37,111
896,0.812628668847028,3,5.71735512839863,"bubble",17,51
897,0.756320239648339,4,8.09288380069425,"bubble",32,128
898,0.813165509318816,4,5.17687651530374,"bubble",21,84
899,0.885668489455478,3,7.58312615551753,"bubble",23,69
900,0.871816097534611,4,6.5087428338523,"bubble",26,104
901,0.844112981710816,3,10.1579066117993,"bubble",30,90
902,0.880685324960155,5,4.37298932875041,"bubble",22,110
903,0.948577844466781,3,11.8981328745512,"bubble",36,108
904,0.83094694272778,5,4.13822950702626,"gaussian",21,105
905,0.843956203152542,5,8.10277494159993,"bubble",41,205
906,0.984913734912989,5,10.6355582320411,"gaussian",53,265
907,0.978944905455341,5,9.18243533366826,"bubble",46,230
908,0.797663922459236,5,12.2570767144719,"bubble",61,305
909,0.828450371888117,3,12.605023497073,"bubble",38,114
910,0.69179732941254,5,11.7664886221103,"bubble",59,295
911,0.711311226039426,4,6.94886130931321,"bubble",28,112
912,0.609096844384098,4,9.32572690662229,"bubble",37,148
913,0.818543421972427,5,5.29658207078464,"gaussian",26,130
914,0.907795028971625,5,6.93227404342033,"bubble",35,175
915,0.988060638328665,5,8.27416098481277,"bubble",41,205
916,0.858819949410623,5,9.56352336881449,"bubble",48,240
917,0.990780810510158,3,8.44823956377106,"bubble",25,75
918,0.868970524580684,4,8.17095849760575,"gaussian",33,132
919,0.994098254528828,4,8.32853130574338,"gaussian",33,132
920,0.810098868153873,3,7.93196571404813,"bubble",24,72
921,0.837290086974041,3,6.61402587299934,"bubble",20,60
922,0.934443420336815,4,9.27358883072855,"gaussian",37,148
923,0.709817040021881,5,12.693579328591,"bubble",63,315
924,0.75820617009839,5,11.7532879041927,"bubble",59,295
925,0.64729595082975,4,10.5645297126612,"bubble",42,168
926,0.966797004269902,4,7.90786500053015,"bubble",32,128
927,0.707095115557546,4,8.28763128859224,"bubble",33,132
928,0.997650027331314,4,11.0738000524975,"gaussian",44,176
929,0.997128192906966,5,8.49583131089108,"bubble",42,210
930,0.912036858780775,3,11.2334169707051,"bubble",34,102
931,0.916954767799121,5,10.331719525205,"bubble",52,260
932,0.92083132982743,3,8.71375565369381,"bubble",26,78
933,0.816971509325784,5,6.80154021966038,"gaussian",34,170
934,0.958774393111584,5,6.27935523368884,"gaussian",31,155
935,0.886897239925107,4,7.55487184835831,"bubble",30,120
936,0.842339781304006,5,11.8227894346463,"gaussian",59,295
937,0.883356515913969,4,11.8787888183026,"bubble",48,192
938,0.765548852748354,4,5.86002547071781,"bubble",23,92
939,0.936029113891069,4,8.51152941801585,"bubble",34,136
940,0.965107413102058,4,9.71820683036931,"bubble",39,156
941,0.77745777719561,4,10.1645316399448,"bubble",41,164
942,0.94520554409246,5,6.02869098333642,"bubble",30,150
943,0.76651750528987,5,12.7144839275628,"bubble",64,320
944,0.746199434066424,4,8.18565832500346,"bubble",33,132
945,0.672566163656767,4,9.20828824820463,"bubble",37,148
946,0.796254397828947,4,6.53251745304326,"bubble",26,104
947,0.881410687373602,5,7.05589232172118,"gaussian",35,175
948,0.787359545508283,5,8.13403808594216,"bubble",41,205
949,0.905643576366361,5,9.98087452710141,"bubble",50,250
950,0.835783114504069,4,8.6123761427938,"bubble",34,136
951,0.807395418621483,3,6.67466198691633,"bubble",20,60
952,0.7144984586098,4,10.3252072236477,"bubble",41,164
953,0.901376908947364,4,7.2020793372998,"gaussian",29,116
954,0.743291923572775,4,9.09193195200758,"bubble",36,144
955,0.946146368014626,5,12.4858712964319,"bubble",62,310
956,0.790034019581508,4,12.8541996415309,"bubble",51,204
957,0.799860730113345,5,11.5422255873284,"bubble",58,290
958,0.777596453679376,5,12.5535565547878,"bubble",63,315
959,0.848828066491405,5,7.82628145556431,"gaussian",39,195
960,0.686280063921819,5,8.65233420156874,"bubble",43,215
961,0.825444736694219,5,10.7800605396181,"bubble",54,270
962,0.848071853200556,5,12.9971039358363,"bubble",65,325
963,0.903518756056321,5,7.00622848393861,"bubble",35,175
964,0.944450358968228,5,7.2827755766199,"bubble",36,180
965,0.769568878801423,4,9.84991545654135,"bubble",39,156
966,0.741690925613279,5,9.79532030518632,"bubble",49,245
967,0.833721586922067,4,12.5072301090392,"bubble",50,200
968,0.913560964759788,5,9.58107242390281,"bubble",48,240
969,0.829129635267775,5,9.86402057399275,"bubble",49,245
970,0.853512709821225,4,12.7892483667843,"bubble",51,204
971,0.969675795172225,4,10.7131453259685,"bubble",43,172
972,0.873390751923784,4,12.2442367401067,"gaussian",49,196
973,0.919793772320962,5,11.0414345814078,"bubble",55,275
974,0.878681667175726,5,12.9862260144204,"bubble",65,325
975,0.789991464728257,3,11.7900666019996,"bubble",35,105
976,0.781070288184448,4,11.112700082236,"bubble",44,176
977,0.819991301511996,5,9.93722279262729,"bubble",50,250
978,0.931638962860336,4,11.4946813252335,"bubble",46,184
979,0.838058713833336,3,7.96226169783622,"bubble",24,72
980,0.998532760991133,4,12.9289322222304,"bubble",52,208
981,0.802920174909173,5,9.68392000188818,"bubble",48,240
982,0.961496407729108,5,10.5246692346502,"bubble",53,265
983,0.882567853222834,5,8.53149246453308,"bubble",43,215
984,0.985308575441129,4,11.0518529119203,"bubble",44,176
985,0.877667735454743,5,12.0482947922894,"bubble",60,300
986,0.973329762925161,4,9.44796995435841,"bubble",38,152
987,0.904627173390007,3,8.67774665446719,"bubble",26,78
988,0.937080240700394,4,12.703353975513,"bubble",51,204
989,0.865871794446372,4,10.311414803341,"bubble",41,164
990,0.90314478344901,4,9.3842594393855,"bubble",38,152
991,0.994638223230373,5,12.3617848388734,"bubble",62,310
992,0.797145277490723,4,10.3884103601403,"bubble",42,168
993,0.840365776509978,4,11.456996834348,"bubble",46,184
994,0.854077913125628,4,9.94572207914898,"bubble",40,160
995,0.921845799873816,4,10.3562173354346,"bubble",41,164
996,0.873834745503031,4,10.0496798439906,"bubble",40,160
997,0.908302171605174,5,11.5548077345197,"bubble",58,290
998,0.880053827996017,4,11.5633358465601,"bubble",46,184
999,0.949964635213721,4,10.9166891524289,"bubble",44,176
1000,0.991963384651346,4,12.1842965919012,"bubble",49,196
