mead,powell,demand,InitCombinedStorage
1072.168252,3592.823454,4.624357275,19.73047865
1056.158852,3600.264267,4.38859496,19.14946404
1102.831056,3641.103045,5.186110141,27.22852404
991.8308513,3505.213331,5.816683256,8.499231263
1041.263089,3581.346667,5.757675837,16.46713907
1067.752936,3637.28058,5.992515606,23.81665051
1081.691105,3587.229374,4.771388218,20.03537354
1043.464672,3584.736593,4.713192162,16.8960084
1083.81168,3612.638548,5.015555876,22.50253519
1044.772266,3581.087873,4.611550781,16.69143612
1012.652737,3525.717116,4.799853119,10.79969116
1041.77372,3563.172366,5.651677982,15.11419324
1057.756851,3604.908914,5.933774106,19.69369945
1090.524475,3614.949377,5.939369972,23.30237196
1056.515528,3578.456547,5.109510185,17.33253064
1075.319078,3624.341987,5.543897257,22.99174631
1040.555806,3562.67284,5.195065915,14.99378243
1078.704836,3602.423772,4.98126449,21.11509459
1093.408775,3660.165519,4.690779976,28.74695734
1084.923463,3586.811859,5.29545583,20.27222534
1060.638805,3569.574759,5.152057265,16.95764409
1067.676823,3582.423275,4.486993429,18.50512538
1017.340514,3560.856771,4.590366507,13.34701046
1071.185125,3609.555905,5.709599336,21.17047541
1056.749418,3584.121878,4.229331509,17.80598713
1065.42814,3595.379438,4.505739326,19.4205719
1041.946841,3547.916593,4.570493703,14.07206955
1033.642949,3557.565298,5.971637947,14.16196045
1037.341364,3593.352422,5.807820414,17.19952014
1039.855865,3569.200356,5.577647356,15.42568382
994.7239302,3532.341906,4.25545466,10.15896283
1057.108191,3612.400347,4.63725362,20.35537817
1046.563953,3569.441043,5.949885217,15.91274929
1097.506303,3614.856847,4.590667136,23.90451715
1032.741133,3564.812182,4.489372988,14.61961247
1068.547428,3589.01596,4.512782247,19.11760464
1050.542934,3575.927127,4.707797346,16.69480013
1028.312965,3550.29275,4.912249292,13.31287206
1022.599389,3530.278652,5.090860699,11.68184043
1058.435009,3592.946403,5.322001752,18.67340774
1104.03797,3650.386936,5.886398114,28.45569062
1088.562552,3605.489548,5.864654542,22.22690126
981.9560284,3478.835106,5.747880231,6.75527578
1042.383108,3564.480151,4.325882915,15.25156696
1013.236512,3540.99311,4.267708767,11.76038458
1099.81184,3633.643486,5.52467264,26.09918175
1075.780549,3629.229503,5.266530911,23.55581628
1054.192716,3615.82438,4.848999226,20.47579827
1092.975462,3639.790798,4.584909602,26.20104657
1064.175359,3614.345906,4.910982717,21.08325817
1079.370819,3593.113151,5.822500466,20.34190809
1048.62804,3606.156897,5.349377034,19.13992697
1091.497296,3651.049037,4.833451004,27.42562606
1012.258316,3567.902199,4.220930837,13.55062344
1016.073486,3530.445061,5.029570648,11.28496548
1044.29137,3579.91747,4.221706036,16.56380823
1080.992004,3618.182907,4.773702954,22.81784227
1053.520137,3591.713761,4.559869612,18.20159811
1043.578665,3570.32151,4.227940646,15.7684466
1065.659808,3612.795276,5.328991065,21.04654744
1059.181834,3591.626927,4.786614314,18.61601017
1026.562251,3527.058038,4.740320416,11.74571424
1051.172956,3599.911354,4.790931505,18.75098936
1052.931296,3575.540951,5.590226711,16.83866861
1064.518617,3587.119923,5.521497191,18.64411598
1067.992498,3595.22348,5.116756292,19.60758432
1108.810177,3677.364585,5.020453934,32.456805
1082.497961,3609.958721,4.417996369,22.13404676
1083.211032,3615.317409,4.767850001,22.71534168
1077.850226,3596.341517,4.919933227,20.49879721
1020.283701,3545.385414,5.711517664,12.4761962
1098.621898,3624.863403,4.781850277,25.0327361
1039.140068,3563.109443,5.320798854,14.92794133
1058.86261,3586.666091,5.287126157,18.17407544
1070.246788,3600.609553,4.960968142,20.26529984
1073.027233,3631.083266,5.30332774,23.53684078
1077.590002,3636.928912,5.449956094,24.56664028
1019.766823,3576.458531,5.861548657,14.6642273
1080.062105,3603.044682,5.371242115,21.28408315
1090.561001,3630.447866,4.625457885,24.93065474
1077.776743,3613.742934,4.233175001,22.10871872
1047.455105,3557.634821,5.389275103,15.12044958
1085.686172,3638.939662,5.683697865,25.47425242
1045.348772,3572.419803,5.791080992,16.05239331
1054.299504,3584.282543,4.522507615,17.63731659
1063.03337,3576.205955,5.142510903,17.64923147
1081.881022,3625.961994,5.119034051,23.70502436
1064.610454,3594.189233,5.414561751,19.25302522
1081.952001,3597.640152,4.362442213,20.9534321
1075.063886,3627.014235,5.776301879,23.25690082
1048.87712,3583.995016,5.454814896,17.21911646
1033.368024,3574.349765,4.278895878,15.37836323
1050.974474,3593.29751,5.67745146,18.15236244
1094.08543,3643.336741,5.293309789,26.71584536
1086.521217,3646.250479,4.961774722,26.41090617
1043.686059,3569.993377,4.879493959,15.7512258
1058.958645,3559.750025,5.985411991,16.11336363
1040.177129,3541.739703,4.358625195,13.54903517
1065.484222,3629.367597,4.824748292,22.75090373
1036.042314,3561.611421,4.503882061,14.60929896
1054.861764,3587.439141,5.593535528,17.9394712
1064.953006,3580.361339,5.762095639,18.12625146
1042.71608,3572.248311,4.823430638,15.85448789
1060.790446,3599.125778,5.955149982,19.39576076
1074.466289,3617.394286,4.259639539,22.20229363
1080.786507,3666.18248,4.382157216,28.46115589
1035.708422,3539.006322,4.860254797,13.07175361
1072.618538,3596.021683,5.43100185,20.04566094
1093.882203,3642.926313,5.748401818,26.64928383
1061.845463,3581.797813,4.539620437,18.0022893
1110.598573,3684.43618,5.916940619,33.64167963
1035.199159,3563.889491,4.481204954,14.71681079
1066.651081,3605.698535,5.083231153,20.44855461
1090.682862,3661.684223,4.697853991,28.70710528
1064.834941,3590.675272,5.84417942,18.96735186
1075.82792,3611.651987,4.286773237,21.74593576
1079.859869,3656.524794,4.648977738,27.12556045
1018.104272,3557.362828,5.666539536,13.14784184
1051.694857,3570.89586,4.749261007,16.39150617
1056.085552,3558.973254,5.720379198,15.84321761
1086.338811,3635.987318,4.472993221,25.18971433
955.4716349,3511.946587,5.411465778,7.067515344
1074.884537,3630.640032,4.489827183,23.63794451
1073.637989,3630.192589,4.552913878,23.48781399
1063.865613,3573.956376,4.429641439,17.53868323
1014.509545,3548.523416,4.469279395,12.32576096
1080.608047,3610.44485,4.389688558,22.02298378
1030.516547,3556.320972,5.087413905,13.86804054
1065.527299,3591.232514,5.707445258,19.06877906
1107.492383,3691.085489,5.712981775,34.34557372
1095.667113,3668.34597,5.998801903,30.02690801
1056.894505,3580.209766,4.652693022,17.50034019
1066.073036,3585.150786,5.478130867,18.60215475
909.00954,3437.459414,5.411035646,2.15026315
1049.516087,3573.582014,4.27068924,16.43887072
1084.165559,3640.459319,5.810340344,25.52281514
1063.489278,3598.582016,5.68982054,19.55385516
1026.205316,3521.910801,4.234335064,11.4273907
1089.150086,3643.644971,5.756510871,26.32355283
1061.335991,3557.025203,5.201787993,16.10242444
1088.991163,3603.599484,5.917641102,22.08897042
1053.702185,3603.563257,4.29609375,19.26827131
1098.312009,3637.601935,4.212710999,26.41676143
1089.059908,3594.805721,4.319687558,21.306261
1084.371383,3616.190137,4.329965057,22.90000851
1080.534765,3628.800002,4.763165341,23.89980099
1084.691634,3636.138387,5.335487828,25.06731921
1070.015285,3615.370904,4.920871648,21.64255538
1067.486105,3612.544483,5.385187878,21.16497981
1067.132439,3601.042046,4.273818899,20.0585047
1033.498082,3538.047716,5.15768827,12.86354365
1029.20386,3553.101714,4.602190609,13.56067192
1105.21219,3667.354346,5.61972879,30.74722659
1079.444406,3630.769525,4.514866757,24.02561433
1021.336821,3537.76901,5.783844577,12.0577714
1069.339486,3591.812822,4.534599525,19.41791818
1071.808556,3595.219961,5.732225309,19.91028265
1040.494065,3561.872885,5.274424427,14.93198831
1076.282586,3601.788047,4.475930019,20.85848091
1049.368201,3571.797551,5.725550952,16.29155731
1066.717175,3630.909396,4.724468347,23.01669486
1062.542113,3597.672483,4.519939767,19.39996631
1073.796937,3597.865934,5.98298965,20.30374769
1073.375018,3639.158954,5.297759262,24.48155735
1056.788229,3563.481228,5.903892451,16.2176762
1043.901699,3583.703018,4.506194262,16.84206692
1089.587396,3664.088711,4.990781813,28.92823166
1081.267033,3622.625861,4.478599504,23.30004251
1069.285498,3598.196153,5.609218969,19.97237789
1018.638884,3543.530634,4.374614463,12.25358287
1047.127922,3578.74471,4.760332812,16.67119276
1082.755668,3618.857225,5.049109197,23.03388449
1066.890404,3600.914607,4.804700065,20.02798171
1071.040526,3606.459213,5.85219325,20.86637881
1023.794936,3578.38367,4.737913953,15.06984198
1044.204678,3576.371975,4.845933578,16.27750735
1023.422669,3561.142159,5.777343198,13.74842965
1064.059057,3611.114182,4.272888019,20.75971425
1097.969899,3667.887946,5.859162447,30.16822433
1089.894725,3647.292341,5.501045689,26.82625407
1055.502507,3583.299496,4.45848379,17.6460654
1032.074498,3566.664952,5.458657016,14.7114601
1094.206436,3673.64621,5.946839812,30.62331276
968.2249702,3497.575301,5.095456892,6.927428223
1065.801702,3590.070315,5.92137442,18.99112003
1072.832024,3610.111937,4.926592396,21.35553792
1079.578253,3661.221037,4.494449862,27.70671593
1040.392922,3585.509314,5.3264842,16.74611345
1013.661806,3540.78539,5.242468269,11.77296674
1109.542097,3700,4.720886865,35.91836903
1009.96084,3524.824233,5.517663974,10.58703684
982.8496063,3547.44397,5.213091282,10.47941629
1088.315291,3641.419283,5.811579788,25.98838342
1015.435178,3526.328035,4.456501012,11.00399195
1102.408169,3611.58797,5.422161879,24.02267496
1062.760075,3587.679686,5.623263871,18.55506112
1025.057294,3556.559902,5.609993402,13.53011098
1002.70027,3556.159949,4.500316746,12.14622045
1072.776665,3601.339479,5.207660799,20.53374746
1026.884261,3569.002558,5.442638837,14.54552498
1058.553135,3586.881502,5.409517182,18.16862052
1051.048338,3543.297004,4.450128127,14.41755731
1038.860582,3543.974475,5.778915667,13.60186726
1075.716552,3586.446179,5.387944003,19.47799405
1059.908715,3578.189826,4.203161879,17.56654716
1062.866538,3587.019628,4.592967671,18.50830191
1077.435084,3640.377308,4.968577821,24.95367462
1063.171424,3567.766725,5.769001004,17.01631203
1053.061406,3579.075851,4.67442136,17.1262271
1006.574453,3546.335932,5.0407585,11.70849871
1039.471011,3571.636283,5.914974611,15.58324438
1064.388513,3588.903818,5.392965928,18.78307249
1079.703571,3615.088452,5.688447983,22.40024099
1045.712365,3554.200342,5.390726378,14.75886227
1039.925874,3573.207649,5.134569943,15.73466908
1099.027917,3660.711421,4.834204677,29.31291916
1085.54639,3643.709257,4.595365411,26.02334265
1111.030633,3700,4.316896924,36.0575834
1041.993728,3596.139627,4.921907738,17.76291294
1050.738005,3562.407998,4.846339541,15.69498609
1067.821633,3582.309621,4.451246146,18.5073083
1057.612774,3559.192387,5.483288201,15.97273576
1082.658841,3623.757518,5.427282536,23.53547617
1060.335834,3579.605781,4.245321457,17.71135059
1057.398919,3573.015313,5.327736696,16.97440595
1078.346402,3608.18407,5.179130377,21.62074728
1053.971359,3583.241991,5.754978149,17.52819224
1101.90544,3623.93411,4.215779613,25.22757923
1065.325797,3634.434034,5.679603305,23.30205138
1076.84112,3590.186775,4.438964519,19.88281003
1051.606946,3575.356919,5.566878324,16.72762855
1024.766291,3515.297522,4.793963225,10.96913373
1045.2238,3562.839122,5.774681594,15.33165753
1085.351284,3589.731472,4.614070202,20.55270893
1069.39773,3621.875498,5.996719247,22.25698538
1101.708692,3674.515323,5.870001514,31.40892627
1062.966273,3604.20117,5.502208205,20.02396485
1072.912253,3597.282964,4.719533614,20.18067857
1052.128547,3566.797,4.73838399,16.11641251
1053.083092,3603.445821,5.600527831,19.21200195
1100.331251,3649.987843,5.475036477,28.07269697
1044.595901,3593.549819,5.166494168,17.71843386
1104.239552,3656.343887,4.743317612,29.22007683
1062.302815,3607.108551,5.350530309,20.24354472
1073.099196,3583.625551,4.645921414,19.03429805
1059.067551,3592.093008,4.492175002,18.64744114
1078.94034,3653.174012,5.845687949,26.62677193
1066.238709,3616.876006,5.465524027,21.49555622
1096.537708,3678.421722,5.336836189,31.49834896
1041.676431,3579.039024,4.715687523,16.31121073
1067.361066,3623.019948,5.63747582,22.21631051
1089.934532,3647.004344,4.87552972,26.79474985
1048.717139,3577.486494,5.630865539,16.68541549
1032.15072,3557.209624,4.995005179,14.03781263
1122.689797,3695.003844,4.745363061,36.39619329
1019.246361,3536.913158,4.842376064,11.87376452
987.0549846,3531.122401,5.129322405,9.673477864
1070.62156,3598.091111,5.065949453,20.06913138
1036.871504,3567.604525,4.613706602,15.10273856
1094.570495,3657.021475,4.35237295,28.44476556
1054.363963,3618.25595,4.470032009,20.73339219
1079.648013,3604.045647,4.346713275,21.34183734
1063.251536,3617.155978,5.826993674,21.2921064
1055.33035,3612.920285,5.282896545,20.27357408
1081.364777,3617.741689,5.613418814,22.80410591
976.1692359,3528.109977,4.827306053,8.939654468
1062.585521,3592.489542,5.133691609,18.94944297
1054.907174,3607.276129,5.220465248,19.70220754
1070.378193,3614.662187,5.498128531,21.6011818
1080.049397,3627.481329,4.778875757,23.71626683
1092.502083,3658.492595,5.171960214,28.45191358
1103.370124,3643.249213,4.440432168,27.53081298
1072.371066,3622.82011,4.709840474,22.59303033
1020.523827,3536.774427,4.497899152,11.94501412
1113.200043,3678.986452,5.26082847,33.09886589
1055.235761,3608.461922,4.683135849,19.83853695
1078.107386,3589.788,4.670595099,19.95291497
1074.065581,3640.729755,4.638425493,24.72067013
1046.380698,3596.972758,5.02319649,18.14464029
1096.827697,3672.845585,4.770513176,30.74302306
1095.54548,3671.019463,4.563724181,30.37933234
929.2881194,3467.451553,5.189107312,3.950099582
1048.57028,3573.885264,4.437040164,16.39424516
1094.661158,3662.531054,5.140005583,29.16510434
1060.711805,3588.00005,5.124279445,18.42518244
1084.507035,3671.883895,5.672342656,29.54479293
1098.756353,3655.043093,5.976774971,28.56279823
1083.030424,3636.591405,5.511849214,24.97927419
1070.459987,3617.701398,5.930519381,21.91172542
1000.551952,3543.137287,5.894532839,11.15499509
1047.197466,3574.10302,5.925857494,16.31290999
1067.951058,3619.544285,5.717922328,21.90117954
1055.368202,3574.800137,4.930775887,16.96075128
1031.003416,3542.01477,5.647302704,12.94807833
1079.277333,3628.659563,5.907077998,23.78035643
1114.543525,3667.053341,5.660575724,31.57737806
1090.124693,3640.111104,4.866998493,25.99073455
1078.905983,3596.751021,5.884447181,20.62183145
979.2446126,3502.949554,5.794294428,7.728888851
1091.153866,3634.956043,5.745498951,25.48600066
1071.652368,3613.40602,5.251574143,21.57931979
963.8549102,3511.326286,5.361007237,7.414964938
1076.608812,3614.548256,4.631141745,22.09232756
1027.113747,3562.154818,4.258405095,14.05777306
1100.393255,3675.643169,5.857028645,31.44846164
1086.220847,3648.058098,4.393293491,26.60465348
1038.712664,3565.333562,5.098656029,15.06062158
1072.271198,3611.783713,5.28381017,21.47118543
1014.206673,3523.014455,5.952865127,10.73880054
1041.386442,3549.868826,5.081636555,14.16283657
1022.109866,3554.785254,5.532686806,13.21985682
1070.558338,3606.777659,4.933383877,20.85773888
1070.779313,3580.019596,5.269998911,18.55732152
1005.480438,3532.069561,4.616018247,10.74963922
1069.900316,3580.686816,4.455451234,18.54080965
1090.775378,3636.731869,5.905856555,25.6558152
999.4173478,3558.603631,4.701873344,12.13067919
1088.431726,3627.379622,4.907370643,24.41220433
1058.314067,3590.643288,5.632547433,18.46642186
1066.132981,3589.92703,5.308076546,19.00484203
1093.707792,3657.952516,4.555546104,28.48804902
1042.964428,3514.781338,5.4512131,12.15825974
1101.197534,3619.243439,4.305198709,24.675175
1083.877575,3626.721549,4.733235069,23.95405143
1057.255455,3576.095659,4.852928095,17.20216306
1093.213146,3623.348146,4.797144967,24.39604627
1005.928578,3553.96448,5.791952409,12.18130044
1102.290543,3621.568669,5.557000393,25.0138576
1096.055148,3657.656292,4.628738466,28.65625673
1033.12424,3548.718297,5.25634612,13.52479096
1083.652008,3620.123225,5.403984894,23.23921326
1092.184141,3654.61946,4.722082652,27.93137925
1085.9044,3625.691139,5.564166278,24.01484321
1031.284554,3554.639612,5.418152847,13.80256983
1087.891144,3629.84404,5.667077558,24.63440748
1062.703386,3594.69825,5.513212332,19.15030663
1035.879654,3558.415121,4.579945709,14.37170145
1045.561871,3584.782136,4.915138091,17.04729916
1063.585721,3583.749758,4.236730761,18.29440609
1108.00627,3694.594122,4.482822522,34.93049046
1086.507292,3644.819746,5.766989542,26.2376413
1028.01403,3575.878956,4.633963646,15.144573
1034.437886,3555.414241,4.342370177,14.06574159
1045.520487,3533.103221,5.026954099,13.38586914
1042.574895,3568.84241,5.107053081,15.58714857
1066.347487,3579.443096,5.254285276,18.16153477
1058.47657,3599.841872,4.809470212,19.28489661
1047.754167,3563.273643,4.890455555,15.54279614
1016.316246,3542.396649,5.131781159,12.03739575
1077.711018,3611.898944,5.168505508,21.92373466
1078.983261,3605.588824,5.309415494,21.42980469
1068.378857,3604.949454,4.248335775,20.51473831
1067.266527,3606.065016,5.626739624,20.53091602
1076.753151,3625.271536,4.467498162,23.20751388
943.1109115,3499.100705,4.794464234,5.887797846
1082.862761,3612.997607,5.959879312,22.45777375
1045.099642,3553.235814,5.163681942,14.6496546
1085.130507,3610.172529,4.320746614,22.37613013
1087.50521,3656.138805,5.277323133,27.71978565
1050.329326,3568.552091,5.435357962,16.1160989
1121.347337,3700,5.836193602,37.04661338
1086.896708,3683.042812,5.909107355,31.32555374
1059.684622,3619.676932,5.895643127,21.27654071
1065.112048,3594.566061,4.874458455,19.3248123
1004.069261,3546.875837,5.932313006,11.59851486
1078.513998,3617.974242,5.245370037,22.59155001
1075.549472,3625.01083,5.880789104,23.08156141
997.7685088,3545.746687,5.221709269,11.16759545
1054.495938,3568.319249,4.240317425,16.40322653
1014.950396,3538.886354,4.561291401,11.73174386
1084.660678,3610.234105,5.17351687,22.34229433
1089.509185,3596.619643,5.316339713,21.50434585
1077.945428,3618.363432,5.876093122,22.58435662
1040.140133,3561.788445,5.035855991,14.90154287
1094.74841,3644.591356,4.726281535,26.92374247
1064.273215,3604.283682,5.927082027,20.13240675
1077.266968,3644.431694,5.12246891,25.41949498
1012.930357,3563.794641,5.009074381,13.28915868
1078.471771,3610.877803,4.421545365,21.88787645
1089.336108,3621.274757,4.386307296,23.84241169
1098.936588,3669.212662,5.299700144,30.43289909
1049.428632,3550.752709,4.765508096,14.79028066
1080.386665,3621.524506,5.975472845,23.11169269
1033.813071,3565.430035,5.318358884,14.73631381
1102.527456,3671.181659,4.337049574,31.02252657
1043.796613,3594.318986,4.688445093,17.72921634
1046.647784,3574.255869,5.281214962,16.285598
1083.380539,3620.59825,4.620361857,23.26549317
1065.732802,3606.573886,5.557657779,20.45852446
993.8398501,3508.814276,5.040081463,8.792775886
992.6216754,3506.481046,4.52910088,8.606430904
1057.532502,3567.187813,5.503656622,16.54500612
1127.387248,3700,5.781535109,37.64453644
1034.748323,3552.293153,5.112412171,13.87312086
1009.636905,3552.49285,5.086436214,12.29903536
1099.347259,3614.039201,5.341806967,23.98716299
1087.275106,3642.609149,4.731829775,26.03982573
979.9304242,3500.188375,5.583359788,7.62713728
1053.267153,3595.522018,5.272075836,18.5137687
1076.511456,3638.614183,4.966423121,24.6727704
1071.551571,3602.79376,5.701885162,20.56814105
1080.441408,3612.119255,4.318472898,22.17040121
1109.886665,3696.852776,5.289410676,35.45592003
1089.727289,3623.257055,4.327005253,24.08364738
1011.651589,3548.117853,5.76590758,12.12625351
1057.688361,3584.963653,5.659728946,17.94524023
1073.464101,3616.294967,4.414745132,22.01075565
1076.673967,3619.941371,4.891858481,22.64187592
992.5022032,3527.197495,5.682253383,9.73288168
1115.126258,3675.063412,5.550880968,32.72862427
1061.952352,3580.539076,5.121273075,17.90920076
1068.891995,3573.716376,5.305853699,17.91294701
1054.40372,3586.220462,5.267547718,17.80447127
1063.722566,3585.885715,5.352548987,18.48031381
1034.326587,3560.947803,5.94066263,14.44644032
1011.364919,3516.102741,4.372753946,10.18271841
1049.035151,3570.479287,5.195523968,16.16756672
1080.927682,3632.182052,4.92409489,24.3052249
1071.387968,3601.647749,5.472563644,20.45045943
1099.484014,3682.238176,4.790222899,32.30707756
1050.000988,3587.760122,5.407301701,17.61093727
1072.510867,3606.395633,4.315083939,20.97813396
1025.964013,3552.930461,5.204897617,13.33882021
1042.479691,3559.077309,5.805632394,14.87091233
1072.591421,3608.941242,4.268610212,21.22461933
1093.078902,3602.273734,4.384541027,22.3219595
1047.629407,3583.076223,5.799014396,17.05486198
1059.976679,3589.532585,4.463153547,18.49790773
1076.000309,3617.017221,5.462761657,22.28885899
1079.842939,3637.946406,5.446894086,24.86947325
1029.790552,3577.782186,5.69846402,15.40983507
1076.939098,3602.124737,5.211022116,20.94279985
1024.051265,3557.876308,4.311135301,13.55760975
1036.959046,3574.529063,5.833348691,15.63384028
1094.89941,3664.808489,5.44830073,29.48635222
1105.443228,3680.235975,4.752185139,32.55565999
1052.046395,3590.544539,4.780947269,17.99364865
1087.384345,3639.465355,5.526046984,25.67996515
1107.420628,3661.922192,5.871683144,30.23004401
1069.635082,3600.025054,4.588726153,20.16395311
1047.365458,3578.262213,5.750558151,16.64991459
1057.422185,3573.374723,4.378054814,17.00375676
1013.757623,3547.569108,4.927922291,12.21703586
1098.027865,3649.664752,4.735828801,27.82798174
1087.783283,3651.608247,4.894131726,27.17469735
1069.483947,3632.856666,4.67841839,23.45109228
1086.768728,3613.874929,4.952367869,22.87384977
1004.652974,3536.192175,5.534004875,10.95265372
1088.130465,3593.567135,5.311607697,21.11853246
1100.63201,3676.213512,4.30220134,31.5498211
1057.075547,3591.203788,4.515917615,18.42142538
1093.438268,3686.830785,4.67540279,32.44790196
1061.769579,3602.831342,4.331760296,19.80626684
1040.912049,3577.004634,5.962991263,16.09759551
1044.421236,3518.746416,4.999929336,12.47713672
1092.605959,3652.799021,5.902474433,27.73975018
1029.517618,3579.380193,4.705929853,15.51855529
1064.32091,3615.181753,4.685805451,21.17718981
1077.516519,3608.703816,5.737879586,21.60182249
1056.978926,3576.913195,5.714523282,17.24547216
948.2094235,3507.158141,4.840175154,6.503129075
1073.913726,3605.244018,5.505509084,20.98390473
1051.86084,3568.893606,5.948516726,16.25282913
1055.107648,3559.467967,4.41029139,15.80553002
1061.035507,3607.695931,5.369474191,20.2019717
1058.63438,3588.251681,4.292645861,18.28892828
1081.563951,3648.43818,4.460212353,26.25884817
1094.478812,3629.132296,4.341059485,25.12800974
1068.844424,3570.713875,5.944637853,17.67988796
988.653807,3544.667196,4.617778384,10.60128385
1052.595224,3556.020625,4.577824584,15.3793967
1073.563879,3633.919968,4.783972858,23.8967209
1040.653907,3565.657672,5.222450527,15.21782767
1064.658711,3599.422984,4.889057952,19.71956736
1082.019141,3613.60954,4.658045634,22.4469847
1058.12814,3572.384635,5.274822419,16.98081113
1017.320883,3517.898924,4.204904601,10.64320675
1085.177846,3631.779109,5.214414087,24.61708346
1083.469402,3631.298234,4.360599879,24.41960048
1041.212434,3582.97003,4.938898962,16.59495504
1066.998296,3601.140667,5.079722346,20.05692611
1077.144802,3616.353033,5.26387921,22.31563617
1074.96099,3603.800807,4.949833769,20.93525404
1021.877832,3525.542989,4.597615563,11.35879731
1065.905982,3605.375131,4.755977871,20.36030309
1070.892328,3607.186421,4.349221608,20.92271341
1103.731302,3663.381718,4.843690511,30.08435571
1068.726997,3600.749704,5.924273386,20.15751927
1104.45013,3640.038289,4.27600092,27.25046942
1083.432402,3625.49105,4.307267332,23.78459388
1034.591225,3558.256346,5.070547834,14.27383729
1070.349747,3612.241704,4.66212688,21.36199643
1073.726071,3651.425257,4.354798951,25.98343328
1031.807046,3590.769284,4.813425969,16.60589803
1024.97241,3538.564226,5.439572475,12.33822602
1033.975878,3565.876673,4.308594998,14.77999003
1016.62853,3524.386141,5.813273174,10.96517023
1113.317905,3700,4.992719554,36.27335797
1039.30829,3580.791984,4.807802795,16.28779022
1021.539133,3551.165699,5.182150202,12.93757328
1060.835273,3593.108271,5.246765772,18.86912001
975.2396021,3478.293908,4.626775265,6.395375199
1111.439456,3659.325113,5.838884181,30.26708546
1076.483039,3619.75676,5.480792643,22.60725832
1057.212674,3556.659806,4.899427104,15.76539199
1063.623472,3609.667273,5.632981697,20.58743908
1051.139845,3598.964231,4.334607311,18.66356069
1084.557621,3626.411639,4.882619527,23.97805389
996.7400938,3537.536787,5.2349119,10.58791808
1060.183565,3588.808566,5.873071947,18.45273069
1068.403431,3614.18769,5.20429054,21.39791932
1034.85271,3549.112264,5.591522734,13.66660135
1073.932394,3646.333168,5.077787572,25.37672626
990.7163367,3533.361848,5.365230686,10.00298323
1094.992303,3640.853119,5.519581526,26.5022675
987.7457707,3516.774556,4.210265784,8.88931983
1068.106498,3631.94451,5.490200536,23.24052266
1034.176848,3566.032668,5.703953896,14.80492342
1066.419827,3588.173407,4.26588378,18.87988255
1037.868181,3539.997847,5.607048094,13.28048677
1107.080085,3655.33416,5.190371064,29.35171934
1049.248813,3574.537298,4.22514916,16.49338872
1080.268943,3637.44288,5.716913829,24.84671581
1057.844632,3550.537827,5.315015317,15.39467115
1055.941702,3613.182285,4.285038926,20.34452997
1072.080824,3624.691387,5.89354385,22.7674943
1050.459709,3566.156105,5.444912987,15.94782946
1036.637207,3567.26202,5.485317497,15.06144345
1046.789468,3550.956741,4.730000343,14.61510403
1048.401989,3595.942809,5.056442135,18.19793397
1081.082607,3619.072044,4.9398121,22.9161251
1002.899031,3528.651531,4.970259385,10.39745641
1102.114691,3650.157646,4.820345056,28.25360022
1090.447268,3680.845679,5.162252717,31.31243708
1060.049992,3575.421437,5.224920395,17.36015075
1028.680167,3544.47615,4.535729103,12.9538793
1099.969583,3628.428368,5.229527143,25.53643191
1081.16954,3616.620432,4.989855865,22.67475353
1074.312598,3615.702106,4.973557538,22.0200772
1073.004488,3607.430416,4.444085457,21.11486519
1050.296205,3607.882216,5.025437052,19.42203992
1076.215405,3622.462049,4.752954962,22.86649192
1067.188901,3609.526564,5.547070914,20.85137618
1056.429628,3582.205413,4.474360688,17.62622905
1051.933116,3595.570922,5.052237084,18.42047015
1050.842688,3557.958241,4.702304173,15.38673311
1103.547269,3655.608485,5.072782839,29.0639799
1084.294006,3632.327831,4.373146391,24.60345464
1037.173831,3582.846923,5.45363782,16.30799416
1031.589948,3569.662687,5.434728871,14.90276979
1087.587535,3601.861987,4.59955192,21.80957232
1080.739293,3605.155241,5.611828128,21.53495842
1062.032908,3572.753687,5.075061275,17.30527216
1001.803906,3523.771277,5.888038813,10.0519821
1097.465201,3665.248896,5.93876501,29.77058351
965.1264509,3492.052047,5.639962508,6.520611782
1077.012092,3599.674666,4.659975571,20.72681961
983.9428278,3518.371525,4.857203387,8.778275137
1101.490543,3642.752027,5.576595854,27.30239299
1084.125361,3632.425532,4.603825854,24.60012597
1058.254646,3565.169819,4.882182677,16.45059483
1061.505244,3627.207718,5.678914497,22.20925979
1074.805537,3628.280439,5.068136139,23.37309633
1107.898406,3662.82593,4.788549405,30.39251432
1072.002897,3625.811963,4.680591483,22.88080318
1055.01039,3561.379933,4.495984386,15.93420676
1105.998521,3659.897606,5.990681054,29.83615124
1046.083084,3582.048815,4.551865692,16.86154286
1018.878606,3539.285654,5.239625792,11.99871048
1060.424633,3593.66921,4.864525893,18.88654038
1064.890493,3555.880712,4.974633486,16.29648727
1117.108111,3693.093276,5.303796842,35.5590665
1037.621126,3543.832034,5.770886345,13.50806163
1087.936488,3628.878419,4.521172788,24.53258525
1062.064621,3553.799526,5.061799658,15.93547216
1068.037121,3603.953945,5.456800911,20.39579003
1059.650215,3584.52198,4.40226494,18.05682334
1024.331526,3554.985001,5.797261049,13.3747419
1023.998343,3568.715274,5.5711462,14.3387034
1076.313584,3628.116887,5.467747536,23.47797942
1086.177542,3649.286053,5.226647543,26.75114307
1047.504966,3571.928042,5.187076658,16.16793156
1063.382095,3584.361767,5.432872455,18.32874259
1054.083736,3549.478473,4.420623726,15.04414632
1043.146937,3581.508303,5.64217787,16.6112333
1095.809555,3644.933379,4.80643732,27.05787592
1100.692793,3631.582836,4.565615343,25.94775354
1070.804803,3601.500085,4.622946689,20.39048716
1087.717644,3649.50175,5.472613792,26.90897443
1083.600634,3608.734273,5.970750046,22.11000683
1028.574402,3572.06901,5.013498584,14.8870636
1026.695072,3566.851299,5.04580737,14.37321539
1052.284013,3577.291307,5.794989232,16.92828547
1091.974148,3641.662796,4.550224657,26.33319751
1020.921256,3523.541582,4.571011117,11.18370035
999.9487285,3551.784852,4.932406437,11.69053315
1082.565994,3625.112059,4.650315097,23.67145211
1077.65778,3635.288719,4.896631992,24.38476504
1069.199446,3590.233757,4.400178991,19.27185462
1050.063639,3610.51794,5.021736908,19.65604281
1076.912829,3604.650349,5.5072956,21.17268631
1074.693261,3654.141347,4.980561753,26.40084579
1041.599183,3571.339091,4.838189914,15.70752932
1080.185231,3626.798384,4.479647686,23.65379336
1059.46324,3604.817608,4.461774005,19.81377621
1097.160442,3664.439762,5.376381261,29.63635493
1061.078833,3592.419329,5.168327142,18.82812967
1082.997659,3599.506702,4.367444647,21.20768075
1090.003046,3641.975983,5.493164539,26.19923263
1074.255588,3614.421812,4.345748547,21.88854587
1085.262378,3616.023274,5.380334384,22.95865378
1060.541649,3589.185388,4.954999812,18.51157786
1112.064001,3681.473792,5.437013035,33.34828522
1074.030535,3622.136938,4.829396453,22.65505643
1078.577887,3627.792305,4.20879761,23.62838109
1069.695069,3598.231212,4.244439296,20.00796827
1017.626046,3541.496852,5.198324187,12.06072186
1057.979127,3580.260113,5.772763741,17.58560696
1048.369643,3598.413263,5.529379534,18.4145009
1118.840916,3687.797416,5.897595753,34.92484487
1062.360392,3579.254141,5.531412678,17.8378647
1053.230178,3543.040803,4.687377043,14.56035695
1075.662573,3606.957535,4.284512153,21.28551475
1039.700601,3570.277663,4.578459194,15.49605149
1001.414024,3534.063016,5.037022639,10.63662929
1098.262257,3648.508576,5.033255784,27.70705928
1092.368366,3629.701295,5.88882503,25.00557539
1091.586377,3633.240338,5.05496857,25.32995929
1085.803673,3647.713809,5.674708274,26.52727714
1072.414079,3622.935978,5.565546383,22.60865839
1066.911756,3617.892786,5.128491616,21.65091109
1082.783936,3647.394032,4.964264987,26.23366811
1031.410908,3534.880886,5.664246226,12.52947653
1106.536889,3672.413499,4.54577246,31.5563305
1058.190162,3601.951216,4.23159146,19.45444432
1093.251025,3662.069805,5.974382209,28.98100562
971.2588507,3527.632739,5.346066663,8.671877071
1109.297724,3689.702708,4.298109639,34.30357666
1099.716404,3652.168571,5.604987042,28.28777958
1061.218086,3624.017144,5.11425862,21.84616261
1053.882185,3572.54054,5.820436021,16.67689312
1057.938921,3590.970306,4.878263201,18.4661408
1025.631964,3558.142573,5.627967721,13.67748334
1098.51952,3642.401441,4.853830409,26.99563795
1046.710061,3573.078566,5.625536574,16.1993382
1078.317685,3629.538285,4.412381248,23.79727777
1060.507659,3593.885206,5.126200953,18.91162295
1051.791972,3575.116833,4.983466991,16.72244824
1045.946467,3560.535574,5.696099329,15.21772248
1093.961527,3616.81472,4.583194602,23.78799046
1009.015641,3562.755932,5.425450562,12.97995482
1055.814385,3576.808935,5.615623704,17.15051527
1063.403829,3589.381827,5.868287802,18.74720136
1068.314702,3632.74247,4.340250423,23.34589849
1027.604968,3530.702725,4.206909109,12.02799361
1046.212628,3579.670713,5.148219046,16.67976948
1042.837735,3572.843471,4.567723974,15.90851809
1059.407505,3595.86315,5.741574074,19.00123507
1069.761682,3610.939369,5.073127602,21.18962255
1079.949286,3615.899229,5.841342085,22.50122281
1062.429417,3635.689874,4.988344741,23.22096281
1055.492167,3562.377632,5.160074848,16.04145944
1096.662329,3651.853345,5.355271582,27.97786868
1080.283513,3620.499287,4.998712304,22.996678
1027.305681,3555.614862,4.695458509,13.60952154
1077.348625,3619.40068,4.563305451,22.641465
1015.33343,3553.636043,4.241934291,12.71998648
1102.858173,3658.979552,5.852423194,29.43218061
1091.334709,3631.442488,5.742769619,25.10765244
1092.848827,3641.327105,5.477544747,26.36994829
1097.299456,3657.324934,4.936291277,28.72356843
1035.618403,3560.645562,4.322997409,14.51174442
984.8629758,3535.201961,5.911725976,9.805712433
1099.626997,3669.780809,5.787405926,30.57145623
1095.935943,3633.997574,4.946390926,25.79591067
1092.10079,3658.65897,5.730004613,28.43832747
1021.910498,3568.021398,5.987401793,14.1544747
1081.475805,3639.559603,5.960728992,25.19223337
1095.948212,3659.660141,4.941825396,28.90449791
1090.285691,3665.597952,4.953760783,29.18868418
1030.763816,3544.209783,5.559865015,13.07321574
1090.8906,3622.07909,4.288255478,24.06060052
1065.82759,3594.973818,4.776897284,19.41614438
974.634975,3501.651028,4.748627139,7.435357442
1088.594544,3621.032933,5.427945845,23.75350118
1024.624361,3588.361901,4.609967104,15.9353537
1075.156544,3595.025665,4.239280235,20.16322146
1046.305218,3552.334438,5.484224639,14.67370551
998.5953666,3496.713253,4.646625338,8.453231512
1007.297773,3520.668164,5.920043335,10.19386735
1038.364914,3561.197568,5.734907107,14.7374997
1027.480541,3532.843189,5.149346492,12.14836884
1044.011417,3586.049135,5.692305335,17.04242103
1091.735984,3650.588797,5.399530831,27.38947686
1083.754231,3620.24016,5.517385108,23.25988982
998.0013403,3529.403025,5.874627154,10.16493785
1016.858557,3520.065346,4.219607048,10.73483772
1035.387236,3594.007175,4.432396646,17.12417889
1073.295309,3620.668985,4.662814533,22.44291529
1081.441957,3622.219322,4.201449042,23.27201122
1061.610092,3603.154902,5.579625558,19.82372825
1063.786992,3604.571084,5.653087105,20.12138876
1114.463529,3700,5.966484433,36.38217903
1074.659099,3600.173399,4.745494096,20.58012494
1064.752326,3597.914738,5.993737627,19.59203611
1052.216223,3571.508379,4.656123633,16.47602078
1036.70342,3585.969251,4.280062837,16.53182073
1064.038185,3606.677925,4.81614203,20.33674464
1099.148074,3688.652482,5.372011698,33.22310473
1032.580819,3538.345704,5.064138402,12.82103884
1065.279842,3582.678441,5.242180878,18.33842176
1007.384111,3571.123266,5.784538475,13.50299968
1079.503096,3610.601633,5.13944364,21.94644714
1010.866438,3547.013341,5.005367948,12.00647266
1010.244976,3558.853397,5.572027788,12.77488422
1030.036017,3565.746416,5.215409978,14.50933224
1091.42395,3634.352841,4.958040684,25.44111376
1003.542914,3504.151231,5.581291391,9.098401027
1070.648312,3633.036531,4.82276429,23.56375638
1085.458261,3608.364594,5.091802066,22.23180056
1005.07951,3519.361184,4.585827961,9.99160469
1080.647816,3627.647792,4.600834177,23.78394529
1054.746148,3549.546429,5.461640082,15.09757981
1071.471236,3599.297152,4.85050227,20.24472321
1084.031437,3621.096567,5.496851867,23.37194895
1018.430764,3566.275613,4.606799705,13.80737286
1025.500891,3519.502088,5.646686798,11.24703664
1096.501398,3609.824604,4.774395378,23.32720174
1071.088678,3604.490247,5.422918974,20.68724492
1048.047981,3560.101162,5.330761685,15.33649502
1104.81941,3654.3488,5.539080508,29.02045827
1109.120096,3685.739741,5.865339523,33.69553886
1090.937585,3634.569835,4.60829579,25.42346403
1082.110639,3633.389738,5.217526488,24.53890598
1049.755534,3567.070877,5.729350962,15.96451651
1058.716979,3597.086812,5.815117821,19.0570899
1081.632647,3626.08395,5.25978704,23.69737098
1063.137639,3593.98997,4.252390154,19.12192462
1038.189683,3565.022754,5.827436764,15.00212212
1074.346932,3582.712401,5.40566574,19.06072199
1091.191182,3653.951584,5.63510208,27.76101788
1116.188429,3700,4.642445617,36.5470453
1047.829793,3573.431722,5.700929604,16.30630142
995.4722463,3509.473702,5.287613136,8.916582057
1060.929569,3587.86787,5.837505078,18.43071733
1086.422629,3620.829952,4.464895676,23.54677143
1066.263308,3581.763687,5.691243851,18.34102986
1084.395807,3616.588053,4.226853287,22.94194254
1095.036514,3668.5881,4.299033626,30.004283
1096.892553,3652.34381,5.208690124,28.05920082
939.1502018,3495.382096,5.685870498,5.547651956
1090.219911,3618.697386,5.621852685,23.65295018
1061.171285,3571.41953,4.900546181,17.1376267
1046.046679,3545.908459,5.063989823,14.22797875
1077.989117,3585.386753,4.261714692,19.57633768
1066.798946,3585.62291,4.869133792,18.69777246
1020.61571,3548.339301,4.975974485,12.6908597
1030.928151,3535.290694,5.562341097,12.52270268
1035.094976,3534.558193,4.985070955,12.75537336
1075.288886,3613.509772,4.530287965,21.88268357
1036.388097,3560.397142,5.002365734,14.5460746
1100.91328,3652.700457,5.340588415,28.46107718
1075.918901,3594.339329,4.250097059,20.16524415
1066.589919,3603.874145,4.758844793,20.27486048
993.6108159,3526.636264,5.855370498,9.76051157
1044.735914,3588.604488,5.0936352,17.30604236
1051.353396,3545.153682,5.193596784,14.55970913
1106.669536,3677.769345,5.337955561,32.31643655
1054.670826,3581.890152,4.399326683,17.47020319
1077.404728,3608.129047,4.705334911,21.5382013
1089.780134,3645.55256,5.097823062,26.60612702
1088.233954,3632.503514,4.548630633,24.9581326
1084.915349,3645.24669,4.668901078,26.15377717
968.7748492,3493.385544,4.302926007,6.754631688
1052.659284,3582.521747,5.034056627,17.37337945
1055.592842,3574.921469,4.335563407,16.98682684
1053.49922,3577.451317,4.711872709,17.02988883
981.1925219,3503.98753,5.291124074,7.879310907
1011.943476,3533.868684,4.904757892,11.2402007
1056.620953,3605.748975,5.670497866,19.68671021
1086.722698,3599.614225,4.902232082,21.53232467
1088.036245,3655.676839,5.014144732,27.70663372
1071.214775,3637.883433,4.700092891,24.16049266
1068.658045,3588.435521,5.042689668,19.07766022
1026.250289,3535.724975,5.114441942,12.2444176
1083.30104,3635.424161,4.667330961,24.86869205
1096.336542,3653.425347,4.856306258,28.14534877
1030.27244,3570.608193,4.351137973,14.88722214
1087.192664,3626.986504,4.640199833,24.26370396
1058.784145,3602.954696,4.431752921,19.59087324
1019.364041,3510.078387,5.256885252,10.35005788
1017.94564,3540.702027,5.58756606,12.03007095
1076.120949,3612.073212,5.136451036,21.81052014
1066.024199,3575.701077,4.830396158,17.84152975
989.3014156,3517.047478,4.836152901,8.986821252
1053.39513,3578.829217,5.890476397,17.13114014
1071.284389,3607.536126,5.568396387,20.98692449
1021.211764,3544.893757,5.553567223,12.50250189
986.0673358,3520.98948,5.367027947,9.034609847
1027.83663,3577.998907,5.54964125,15.29942962
1086.642736,3591.500759,5.419679684,20.81307737
1071.864306,3602.657033,4.355885111,20.58065924
1045.008067,3562.080709,5.831978491,15.2618062
1035.428838,3555.716195,5.979270406,14.15320221
1000.228167,3541.286748,4.426973882,11.01854189
1039.271123,3553.538959,5.913218773,14.26483048
1038.550895,3551.213482,4.69283083,14.05783868
1049.785307,3580.990071,4.406561535,17.04095679
1103.952056,3666.796069,5.801371188,30.55773148
1067.058867,3578.594894,5.595660438,18.14982719
1042.194941,3546.588938,5.332895726,14.0019997
1073.267793,3583.420232,5.90015616,19.03114498
1068.220962,3599.068892,4.87301796,19.96625785
1060.199113,3589.594645,5.491173607,18.52002047
1078.159243,3607.988013,4.216489324,21.58680729
1118.647196,3697.5087,5.722758584,36.39194469
1065.080513,3577.222956,4.525753904,17.88718218
1082.193581,3628.482341,4.256732314,24.00341341
1083.922405,3617.485563,5.539686612,22.99244528
1023.106285,3528.221279,4.814156732,11.59246695
1025.355752,3570.086243,5.35912509,14.52847723
1101.369224,3683.855824,5.848788535,32.7112209
1052.737345,3587.306533,5.24768082,17.77209666
1088.874057,3639.00708,4.408662698,25.7543375
1056.361037,3569.816506,5.760492784,16.65376169
1059.316048,3597.179989,4.545589001,19.11055704
1097.827153,3647.89251,5.597552573,27.59336113
1014.696544,3521.544739,5.108129249,10.68541139
1086.064435,3646.617526,5.789064149,26.4164152
1006.644555,3556.87434,4.801555971,12.4239207
959.5492237,3508.014895,5.263123028,7.044745078
990.1169938,3512.716791,5.415306553,8.796489132
1038.048525,3586.33162,4.486184842,16.6532351
1076.369343,3603.28414,5.007098294,21.00235248
1072.67845,3624.508713,5.487626043,22.79605699
1044.544878,3592.747229,4.543530657,17.64532015
1037.234291,3550.219303,5.994718774,13.90136688
1048.949479,3546.276742,5.823662036,14.4591982
959.9943456,3490.565996,5.662301684,6.215622582
1059.110537,3592.293011,4.693971755,18.66791605
1087.034136,3638.192105,5.802373683,25.50231763
1037.548133,3537.186756,5.616691714,13.08300846
1104.758351,3653.723338,5.495798882,28.93629796
1071.57183,3591.352657,5.011249463,19.55610453
1054.634772,3567.446357,5.882485364,16.34855293
1075.431117,3645.796238,5.585631738,25.4334169
973.1516291,3514.259647,4.907436045,8.012844985
1015.882526,3555.225125,4.366220418,12.86263578
1078.264874,3618.807601,4.282340113,22.65593447
1091.007823,3646.794522,5.805495151,26.86219552
1077.077966,3635.783898,5.104205406,24.39364141
1075.522363,3609.149083,5.381231765,21.48126597
1073.646171,3585.778897,4.356902733,19.25504734
1050.199205,3569.36,4.633020175,16.1671813
1069.101663,3591.894701,5.510156038,19.40612566
1038.960432,3576.607234,5.72313627,15.93212431
1074.980987,3619.177105,4.328204598,22.42545781
1055.740451,3554.527179,4.380922979,15.50827152
1023.352972,3531.458313,5.23221303,11.80005397
1061.370092,3581.242365,4.416459606,17.92118961
1022.337567,3552.800695,4.895781257,13.09857786
1056.199206,3592.637022,5.981031923,18.47929944
1081.773403,3626.165305,4.446689402,23.71784716
1039.614752,3539.800957,5.968768316,13.3876039
1076.08062,3645.933817,5.299923,25.5028655
1056.264671,3592.160979,5.655061959,18.44312241
1074.167806,3634.869142,4.396829473,24.05281997
1069.587307,3600.786156,4.391304285,20.22890482
1053.690512,3576.642279,5.36323836,16.98042791
1043.053766,3566.536665,5.535857472,15.44922463
1071.918086,3575.202744,4.426321731,18.2687732
997.3622591,3540.339338,4.364735278,10.79796908
1051.508615,3579.875968,4.312865867,17.07653617
1075.236656,3596.449222,4.509852946,20.29484179
1089.37438,3673.317971,5.145861879,30.1575962
1078.681935,3611.216832,4.644209042,21.93779572
1029.090248,3551.428857,5.235193564,13.43990171
1059.528991,3609.371678,5.15497059,20.24643896
1091.782221,3635.079434,5.179793227,25.55458985
1008.706866,3528.992244,5.101828476,10.75539352
1055.84314,3585.269524,5.084211717,17.83262588
1070.19428,3602.513393,4.517334975,20.43427235
1079.178634,3609.01029,4.673226112,21.76770684
1022.783447,3542.717971,4.947782532,12.46149395
1052.486106,3568.11148,4.370985311,16.2400642
1036.328673,3571.091276,5.395372262,15.32766134
1063.929423,3602.167459,4.537451277,19.91157914
1095.150237,3649.148495,4.944674603,27.51107636
1028.843527,3547.28016,5.936380432,13.14750713
978.158414,3485.265596,5.144932845,6.842794327
1008.437195,3559.636981,5.943759278,12.72302893
1048.20913,3564.006649,5.674069815,15.62852604
1068.517526,3597.372773,5.964501357,19.83844946
1082.303228,3596.855627,5.842747314,20.91326978
1053.783094,3577.960512,4.540311699,17.09091027
1029.969654,3560.211949,5.575135373,14.10516894
1046.9306,3545.585766,5.728171712,14.26971737
1067.554989,3598.765705,5.34428444,19.88671172
1110.94571,3700,4.395629839,36.04961642
1049.108027,3577.723056,5.739523503,16.73213576
1073.176473,3587.599024,4.452451885,19.3681387
1032.403188,3539.565468,4.978156114,12.88563084
1049.657355,3563.572962,4.682125446,15.70108333
1070.093808,3615.53795,4.263316877,21.66541007
1088.362476,3633.541048,5.400752364,25.08534848
1068.962474,3606.2076,5.278408933,20.67779937
1097.726091,3679.509085,4.818505122,31.75819152
900.5223111,3474.24876,5.398314943,3.22720455
1052.361285,3610.786085,5.463654415,19.84869858
1094.314587,3626.53747,4.575263821,24.83220058
1088.709165,3641.871677,4.291047186,26.07549329
1037.835255,3548.916442,5.155918494,13.85538698
1052.887744,3584.62172,5.047288185,17.56131568
1047.984562,3583.907827,5.541142631,17.14801246
1112.384859,3690.510996,4.508060674,34.71517644
1040.777048,3551.68498,5.030900003,14.24263783
1085.016733,3642.222452,5.694623011,25.80209452
1043.221446,3600.436473,4.664414377,18.23169427
1087.107252,3625.454494,5.374612402,24.09194601
1079.10968,3597.450781,5.003247662,20.70060481
1089.263241,3644.246768,5.360584184,26.40506078
1033.330097,3552.123401,5.818468239,13.76671462
1081.071936,3605.902602,4.531940228,21.63207855
1004.359443,3522.404079,5.347890645,10.1207176
1067.736929,3600.483317,5.849505673,20.05539543
1064.431638,3586.531589,4.379089093,18.58855256
1091.882601,3636.273662,4.445702365,25.6994511
1069.978429,3608.520481,4.728854069,20.97595584
1044.89817,3574.669836,4.525955406,16.19379035
1029.418866,3536.010177,4.434733375,12.46776792
1093.605108,3660.881045,4.884889069,28.85699917
1010.942946,3488.852155,4.886642462,8.801232476
1095.275553,3638.37116,4.403557849,26.2378761
1100.145722,3648.855175,5.879249184,27.91705324
1069.828585,3580.892124,4.997162321,18.55159744
1106.313449,3700,5.440598549,35.61997449
1050.694282,3585.059482,5.603607889,17.43744634
1101.149561,3669.678779,5.76333332,30.69374872
1031.710307,3564.28148,4.424561935,14.51251037
1092.772607,3620.262481,5.312630278,24.03548808
1074.484581,3611.49031,5.378409918,21.62125257
1049.902695,3564.285295,5.058674061,15.77055562
1066.526447,3627.993111,5.752772344,22.68236613
1085.627934,3623.419756,5.735583463,23.75011879
1105.47811,3700,4.756715765,35.54352257
1038.505237,3531.898937,5.527029363,12.82560392
1087.431391,3638.750898,5.356665676,25.60095603
1078.828889,3631.246543,4.764704231,24.02754411
1082.095482,3630.357872,5.599363739,24.20058408
1096.263868,3676.54831,4.918167888,31.20930409
1092.724877,3670.277342,4.212279023,30.03072199
1067.440254,3611.332303,4.86396529,21.04414924
1019.934389,3512.519767,5.324816269,10.51439203
1059.807145,3621.372917,5.23005803,21.46133986
1092.293462,3623.590364,5.986437715,24.3413024
1045.757965,3581.613419,5.057769769,16.80336025
1108.351915,3665.864802,4.861990275,30.83649138
1002.291371,3513.85521,4.934764039,9.530512754
1074.567365,3621.72064,4.798897743,22.65500227
1061.729301,3594.471964,5.829806695,19.05589943
1062.900358,3601.452616,5.050984734,19.76717316
1061.570003,3589.296894,5.640661344,18.59934023
1082.409584,3617.239825,4.558142882,22.84061324
1062.197004,3636.463667,4.441365675,23.29156466
1059.848237,3598.525734,5.200470336,19.27052987
1103.186446,3645.304252,4.971670435,27.75970283
1085.761093,3609.260403,4.717907846,22.34254504
1030.436734,3536.533702,5.650479502,12.56681833
1086.948346,3629.929889,5.182837599,24.56326647
1079.203861,3624.104889,5.382893113,23.28485101
1065.182418,3618.514654,4.502271064,21.57923431
1097.073987,3622.499363,4.870587625,24.64601301
1083.08785,3634.216223,4.914090208,24.71381619
1032.907232,3596.288622,4.956183628,17.15799206
1062.146517,3595.74759,5.175345492,19.19955287
1068.797817,3613.196646,5.859692724,21.3318715
953.3947077,3481.985786,5.54548305,5.538430334
1009.239757,3529.668688,4.573106039,10.82689101
1048.18011,3598.827379,5.100239648,18.43792897
1036.178452,3588.746852,5.957960901,16.72749522
1071.727157,3591.008212,5.657995123,19.53904566
1105.813754,3663.578859,4.655074804,30.29991583
1095.429799,3624.457878,5.152635548,24.70793941
1047.012404,3564.857351,5.644652551,15.60508973
1069.09654,3607.587954,5.929235592,20.8178625
1070.960189,3568.213877,5.469122646,17.66012624
1043.350869,3559.930186,5.018143816,14.99202363
1072.186613,3613.952894,4.412762759,21.67573756
1093.845589,3657.504208,5.237037437,28.44275327
1085.951323,3650.927257,5.514527519,26.93410895
1082.370778,3637.125144,4.251266832,24.98526776
996.0259241,3542.272211,4.81031891,10.84664686
1007.998402,3549.904605,5.25077587,12.02791994
1088.77256,3590.41476,5.954442014,20.9024852
1028.115043,3554.278334,5.554816803,13.57005902
1084.83439,3643.964056,5.706539219,25.99343557
1041.103033,3524.778814,5.176416985,12.5860057
1032.463848,3533.705037,5.394437885,12.52757894
1051.415015,3564.601071,5.588957367,15.90313212
1042.185051,3549.254099,4.293738213,14.17730559
