Powell_Tier_Elevation_DV Row 0,Powell_Tier_Elevation_DV Row 1,Powell_Tier_Elevation_DV Row 2,Powell_Tier_Elevation_DV Row 3,Powell_Tier_Elevation_DV Row 4,Powell_Primary_Release_Volume_DV Row 0,Powell_Primary_Release_Volume_DV Row 1,Powell_Primary_Release_Volume_DV Row 2,Powell_Primary_Release_Volume_DV Row 3,Powell_Primary_Release_Volume_DV Row 4,Powell_Balance_Max_Offset_DV Row 0,Powell_Balance_Max_Offset_DV Row 1,Powell_Balance_Max_Offset_DV Row 2,Powell_Balance_Max_Offset_DV Row 3,Powell_Balance_Max_Offset_DV Row 4,Powell_Balance_Min_Offset_DV Row 0,Powell_Balance_Min_Offset_DV Row 1,Powell_Balance_Min_Offset_DV Row 2,Powell_Balance_Min_Offset_DV Row 3,Powell_Balance_Min_Offset_DV Row 4,Powell_Mead_Reference_Elevation_DV Row 0,Powell_Mead_Reference_Elevation_DV Row 1,Powell_Mead_Reference_Elevation_DV Row 2,Powell_Mead_Reference_Elevation_DV Row 3,Powell_Mead_Reference_Elevation_DV Row 4,Mead_Surplus_DV,Mead_Shortage_e_DV Row 0,Mead_Shortage_e_DV Row 1,Mead_Shortage_e_DV Row 2,Mead_Shortage_e_DV Row 3,Mead_Shortage_e_DV Row 4,Mead_Shortage_e_DV Row 5,Mead_Shortage_e_DV Row 6,Mead_Shortage_e_DV Row 7,Mead_Shortage_V_DV Row 0,Mead_Shortage_V_DV Row 1,Mead_Shortage_V_DV Row 2,Mead_Shortage_V_DV Row 3,Mead_Shortage_V_DV Row 4,Mead_Shortage_V_DV Row 5,Mead_Shortage_V_DV Row 6,Mead_Shortage_V_DV Row 7
3650,3575,3500,3500,3500,11750000,5500000,4700000,4700000,4700000,250000,1000000,0,0,0,750000,1500000,0,0,0,1060,980,955,955,955,15,1140,1050,1050,1050,1050,950,950,950,4000000,4000000,4000000,3000000,3000000,3000000,3000000,1750000
3645,3585,3530,3410,3410,11750000,8230000,6000000,5000000,5000000,250000,770000,0,0,0,1750000,1750000,0,0,0,1060,1040,1020,1000,1000,5,1145,1135,1135,1080,1080,950,950,950,2000000,2000000,2000000,1000000,1000000,600000,600000,400000
3645,3585,3530,3410,3410,11750000,8230000,6000000,5000000,5000000,250000,770000,0,0,0,1750000,1750000,0,0,0,1060,1040,1020,1000,1000,15,1140,1050,1050,1050,1050,950,950,950,4000000,4000000,4000000,3000000,3000000,3000000,3000000,1750000
3650,3575,3500,3500,3500,11750000,5500000,4700000,4700000,4700000,250000,1000000,0,0,0,750000,1500000,0,0,0,1060,980,955,955,955,5,1145,1135,1135,1080,1080,950,950,950,2000000,2000000,2000000,1000000,1000000,600000,600000,400000
3645,3585,3530,3410,3410,11750000,7700000,5250000,4700000,4700000,250000,770000,0,0,0,1750000,1750000,0,0,0,1040,1010,1000,950,950,5,1145,1135,1135,1080,1080,950,950,950,3000000,3000000,3000000,2000000,2000000,1000000,1000000,600000
3645,3585,3530,3410,3410,11750000,7700000,5250000,4700000,4700000,250000,770000,0,0,0,1750000,1750000,0,0,0,1040,1010,1000,950,950,5,1145,1135,1135,1080,1080,950,950,950,3500000,3500000,3500000,2500000,2500000,1200000,1200000,800000
3645,3585,3530,3410,3410,11750000,7700000,5250000,4700000,4700000,250000,770000,0,0,0,1750000,1750000,0,0,0,1040,1010,1000,950,950,15,1140,1050,1050,1050,1050,950,950,950,3700000,3700000,3700000,2500000,2500000,2500000,2500000,1500000
3645,3585,3530,3410,3410,11750000,7700000,5250000,4700000,4700000,250000,770000,0,0,0,1750000,1750000,0,0,0,1040,1010,1000,950,950,15,1140,1050,1050,1050,1050,950,950,950,3400000,3400000,3400000,2200000,2200000,2200000,2200000,1200000
3645,3585,3530,3410,3410,11000000,7500000,5500000,4400000,4400000,250000,770000,0,0,0,1750000,1750000,0,0,0,1060,1040,1020,1000,1000,5,1145,1135,1135,1080,1080,950,950,950,3000000,3000000,3000000,2000000,2000000,1000000,1000000,600000
3645,3585,3530,3410,3410,11000000,7500000,5500000,4400000,4400000,250000,770000,0,0,0,1750000,1750000,0,0,0,1060,1040,1020,1000,1000,5,1145,1135,1135,1080,1080,950,950,950,3500000,3500000,3500000,2500000,2500000,1200000,1200000,800000
3645,3585,3530,3410,3410,11000000,7500000,5500000,4400000,4400000,250000,770000,0,0,0,1750000,1750000,0,0,0,1060,1040,1020,1000,1000,15,1140,1050,1050,1050,1050,950,950,950,3700000,3700000,3700000,2500000,2500000,2500000,2500000,1500000
3645,3585,3530,3410,3410,11000000,7500000,5500000,4400000,4400000,250000,770000,0,0,0,1750000,1750000,0,0,0,1060,1040,1020,1000,1000,15,1140,1050,1050,1050,1050,950,950,950,3400000,3400000,3400000,2200000,2200000,2200000,2200000,1200000
3650,3575,3500,3500,3500,11750000,6500000,5000000,5000000,5000000,250000,1000000,0,0,0,750000,1500000,0,0,0,1060,980,955,955,955,5,1145,1135,1135,1080,1080,950,950,950,3000000,3000000,3000000,2000000,2000000,1000000,1000000,600000
3650,3575,3500,3500,3500,11750000,6500000,5000000,5000000,5000000,250000,1000000,0,0,0,750000,1500000,0,0,0,1060,980,955,955,955,5,1145,1135,1135,1080,1080,950,950,950,3500000,3500000,3500000,2500000,2500000,1200000,1200000,800000
3650,3575,3500,3500,3500,11750000,6500000,5000000,5000000,5000000,250000,1000000,0,0,0,750000,1500000,0,0,0,1060,980,955,955,955,15,1140,1050,1050,1050,1050,950,950,950,3700000,3700000,3700000,2500000,2500000,2500000,2500000,1500000
3650,3575,3500,3500,3500,11750000,6500000,5000000,5000000,5000000,250000,1000000,0,0,0,750000,1500000,0,0,0,1060,980,955,955,955,15,1140,1050,1050,1050,1050,950,950,950,3400000,3400000,3400000,2200000,2200000,2200000,2200000,1200000
3650,3575,3500,3500,3500,11750000,6250000,4900000,4900000,4900000,250000,1000000,0,0,0,750000,1500000,0,0,0,1060,980,955,955,955,5,1145,1135,1135,1080,1080,950,950,950,3000000,3000000,3000000,2000000,2000000,1000000,1000000,600000
3650,3575,3500,3500,3500,11750000,6250000,4700000,4700000,4700000,250000,1000000,0,0,0,750000,1500000,0,0,0,1060,980,955,955,955,5,1145,1135,1135,1080,1080,950,950,950,3500000,3500000,3500000,2500000,2500000,1200000,1200000,800000
3650,3575,3500,3500,3500,11750000,6250000,4900000,4900000,4900000,250000,1000000,0,0,0,750000,1500000,0,0,0,1060,980,955,955,955,15,1140,1050,1050,1050,1050,950,950,950,3700000,3700000,3700000,2500000,2500000,2500000,2500000,1500000
3650,3575,3500,3500,3500,11750000,6250000,4700000,4700000,4700000,250000,1000000,0,0,0,750000,1500000,0,0,0,1060,980,955,955,955,15,1140,1050,1050,1050,1050,950,950,950,3400000,3400000,3400000,2200000,2200000,2200000,2200000,1200000
3650,3605,3500,3500,3500,9500000,7500000,4700000,4700000,4700000,250000,1000000,0,0,0,750000,1500000,0,0,0,1060,980,955,955,955,5,1160,1080,1080,1080,1080,970,970,970,3800000,3800000,3800000,3000000,3000000,3000000,3000000,2000000
3650,3605,3500,3500,3500,9500000,7000000,4700000,4700000,4700000,250000,1000000,0,0,0,750000,1500000,0,0,0,1060,980,955,955,955,5,1160,1080,1080,1080,1080,970,970,970,3800000,3800000,3800000,3000000,3000000,3000000,3000000,2000000
3650,3605,3500,3500,3500,9500000,7000000,5000000,5000000,5000000,250000,1000000,0,0,0,750000,1500000,0,0,0,1060,980,955,955,955,5,1160,1080,1080,1080,1080,970,970,970,3800000,3800000,3800000,3000000,3000000,3000000,3000000,2000000
3650,3605,3500,3500,3500,9500000,6000000,5000000,5000000,5000000,250000,1000000,0,0,0,750000,1500000,0,0,0,1060,980,955,955,955,5,1160,1080,1080,1080,1080,970,970,970,3800000,3800000,3800000,3000000,3000000,3000000,3000000,2000000
3650,3605,3500,3500,3500,9500000,7500000,4700000,4700000,4700000,250000,1000000,0,0,0,750000,1500000,0,0,0,1060,980,955,955,955,5,1160,1080,1080,1080,1080,970,970,970,3800000,3800000,3800000,3000000,3000000,3000000,3000000,1500000
3650,3605,3500,3500,3500,9500000,7000000,4700000,4700000,4700000,250000,1000000,0,0,0,750000,1500000,0,0,0,1060,980,955,955,955,5,1160,1080,1080,1080,1080,970,970,970,3800000,3800000,3800000,3000000,3000000,3000000,3000000,1500000
3650,3605,3500,3500,3500,9500000,7000000,5000000,5000000,5000000,250000,1000000,0,0,0,750000,1500000,0,0,0,1060,980,955,955,955,5,1160,1080,1080,1080,1080,970,970,970,3800000,3800000,3800000,3000000,3000000,3000000,3000000,1500000
3650,3605,3500,3500,3500,9500000,6000000,5000000,5000000,5000000,250000,1000000,0,0,0,750000,1500000,0,0,0,1060,980,955,955,955,5,1160,1080,1080,1080,1080,970,970,970,3800000,3800000,3800000,3000000,3000000,3000000,3000000,1500000
